episodio,paso,retorno,decisiones,epsilon,avance_pista,fin,perdida,q_medio
0,213,-38.99537953795408,213,0.9979765,0.052805280528052806,sin progreso,,
1,451,-37.74809160305382,238,0.9957155,0.0648854961832061,límite de tiempo,,
2,689,-38.60902255639181,238,0.9934545,0.06390977443609022,límite de tiempo,,
3,821,-34.48498168498185,132,0.9922005,0.02564102564102564,sin progreso,,
4,1059,-56.16504854368993,238,0.9899395,0.045307443365695796,límite de tiempo,,
5,1297,-41.37223974763448,238,0.9876785,0.05993690851735016,límite de tiempo,,
6,1535,-38.70860927152372,238,0.9854175,0.06291390728476821,límite de tiempo,,
7,1773,-17.077922077921798,238,0.9831565,0.08441558441558442,límite de tiempo,,
8,2011,-37.37288135593262,238,0.9808955,0.06440677966101695,límite de tiempo,,
9,2249,-43.33948339483429,238,0.9786345,0.05904059040590406,límite de tiempo,,
10,2466,-55.93580246913656,217,0.976573,0.037037037037037035,sin progreso,,
11,2704,-56.03896103896189,238,0.974312,0.045454545454545456,límite de tiempo,,
12,2942,-55.91205211726445,238,0.972051,0.04560260586319218,límite de tiempo,,
13,3180,-10.708812260536298,238,0.96979,0.09195402298850575,límite de tiempo,,
14,3418,-43.17073170731731,238,0.967529,0.057926829268292686,límite de tiempo,,
15,3586,-42.8097560975613,168,0.965933,0.0313588850174216,sin progreso,,
16,3755,-40.38911564625877,169,0.9643275,0.034013605442176874,sin progreso,,
17,3993,-55.99290780141917,238,0.9620665,0.04609929078014184,límite de tiempo,,
18,4231,-30.48387096774238,238,0.9598055,0.07168458781362007,límite de tiempo,,
19,4469,-40.017182130584885,238,0.9575445,0.061855670103092786,límite de tiempo,,
20,4607,-41.311111111111394,138,0.9562335,0.020833333333333332,sin progreso,,
21,4845,-56.29032258064592,238,0.9539725,0.04516129032258064,límite de tiempo,,
22,5083,-30.714285714285964,238,0.9517115,0.07142857142857142,límite de tiempo,,
23,5253,-39.962616822430135,170,0.9500965,0.03426791277258567,sin progreso,,
24,5453,-47.97153024911064,200,0.9481965,0.03914590747330961,sin progreso,,
25,5691,-27.835820895522474,238,0.9459355,0.07462686567164178,límite de tiempo,,
26,5929,-36.63424124513688,238,0.9436745,0.06614785992217899,límite de tiempo,,
27,6167,-38.7086092715234,238,0.9414135,0.06291390728476821,sin progreso,,
28,6405,-37.073170731707506,238,0.9391525000000001,0.06402439024390244,límite de tiempo,,
29,6643,-26.818181818182357,238,0.9368915,0.07467532467532467,límite de tiempo,,
30,6881,-43.0968858131496,238,0.9346305,0.058823529411764705,límite de tiempo,,
31,7038,-32.61132075471712,157,0.933139,0.03773584905660377,sin progreso,,
32,7276,-58.93442622950886,238,0.930878,0.04262295081967213,límite de tiempo,,
33,7432,-46.0601307189546,156,0.929396,0.02287581699346405,sin progreso,,
34,7670,-38.573667711598986,238,0.927135,0.06269592476489028,límite de tiempo,,
35,7908,-34.929328621908425,238,0.924874,0.06713780918727916,límite de tiempo,,
36,8146,-46.456310679612166,238,0.922613,0.05501618122977346,límite de tiempo,,
37,8384,-38.89438943894452,238,0.9203520000000001,0.0627062706270627,límite de tiempo,,
38,8622,-23.301886792452994,238,0.918091,0.07924528301886792,límite de tiempo,,
39,8860,-28.110367892976733,238,0.91583,0.07357859531772576,límite de tiempo,,
40,9098,-36.176470588235794,238,0.913569,0.06501547987616099,límite de tiempo,,
41,9336,-43.096885813149285,238,0.911308,0.058823529411764705,límite de tiempo,,
42,9574,-40.94594594594612,238,0.9090469999999999,0.06177606177606178,límite de tiempo,,
43,9725,-38.34117647058847,151,0.9076125,0.029411764705882353,sin progreso,,
44,9957,-44.82952029520327,232,0.9054085000000001,0.055350553505535055,sin progreso,,
45,10116,-37.48059701492555,159,0.903898,0.033582089552238806,sin progreso,0.19404643991608814,-0.2455296112979152
46,10262,-35.23397683397697,146,0.9025110000000001,0.03088803088803089,sin progreso,0.16391845129288007,-0.33377349169717896
47,10500,-27.203389830508492,238,0.90025,0.07457627118644068,límite de tiempo,0.18555325361279149,-0.3140377645691236
48,10678,-45.46470588235324,178,0.898559,0.03308823529411765,sin progreso,0.16413465979778927,-0.32535441693934525
49,10891,-52.41311475409874,213,0.8965355,0.03934426229508197,sin progreso,0.17836794034766806,-0.3263128101825714
50,11129,-18.636363636363765,238,0.8942745,0.08363636363636363,límite de tiempo,0.19937690952404713,-0.3026735852162043
51,11269,-34.494623655914125,140,0.8929445,0.02867383512544803,sin progreso,0.17857761856700693,-0.3258611389568874
52,11424,-38.19047619047639,155,0.891472,0.031746031746031744,sin progreso,0.14612491974213088,-0.34608185902619976
53,11597,-47.28219178082226,173,0.8898285,0.0273972602739726,sin progreso,0.16994613433949823,-0.32073680294114487
54,11835,-47.0295202952032,238,0.8875675000000001,0.055350553505535055,límite de tiempo,0.18074441510962985,-0.3196063503875571
55,12047,-20.743060498220586,212,0.8855535,0.0711743772241993,sin progreso,0.18203820154633163,-0.3218330201112999
56,12243,-52.83181818181863,196,0.8836915,0.03125,sin progreso,0.1909918821017657,-0.3320147492447678
57,12481,-58.08724832214864,238,0.8814305,0.0436241610738255,límite de tiempo,0.1876565222531402,-0.30133954286575315
58,12719,-39.44444444444457,238,0.8791695,0.06172839506172839,límite de tiempo,0.1800985546186724,-0.5932984336958094
59,12957,-10.611814345991375,238,0.8769085,0.09282700421940929,límite de tiempo,0.18230315263111455,-0.6442617456118266
60,13195,-54.06432748538068,238,0.8746475,0.04678362573099415,límite de tiempo,0.21636233698987103,-0.6201204399941331
61,13322,-27.924183006536012,127,0.873441,0.029411764705882353,sin progreso,0.18285526135150576,-0.6377875301986933
62,13560,-38.66197183098618,238,0.8711800000000001,0.06338028169014084,límite de tiempo,0.22095746270303304,-0.6142043759425481
63,13708,-30.261093247588505,148,0.869774,0.03536977491961415,sin progreso,0.18746035899715247,-0.6275553703308105
64,13906,-2.604255319149716,198,0.867893,0.0851063829787234,sin progreso,0.16351193530551558,-0.6483294574581847
65,14135,-43.81843003412994,229,0.8657175,0.05460750853242321,sin progreso,0.1757683796285276,-0.6433696935051366
66,14373,-18.07692307692283,238,0.8634565000000001,0.08307692307692308,límite de tiempo,0.19689717735939968,-0.6416477551062901
67,14536,-35.49702970297045,163,0.861908,0.036303630363036306,sin progreso,0.19810803228898383,-0.630366745518475
68,14774,-52.65472312703626,238,0.859647,0.048859934853420196,límite de tiempo,0.20350856837516618,-0.6224321813906654
69,15012,-36.97952218430042,238,0.857386,0.06484641638225255,límite de tiempo,0.20391904489370064,-0.6291273136933645
70,15250,-28.333333333333282,238,0.855125,0.07368421052631578,límite de tiempo,0.15756233015405488,-0.9013303639525074
71,15488,9.8951048951051,238,0.8528640000000001,0.11188811188811189,límite de tiempo,0.1758807372030181,-0.8970915714899699
72,15656,-27.855737704918027,168,0.851268,0.04590163934426229,sin progreso,0.20244516941186572,-0.8881452197120303
73,15846,-48.78911564625885,190,0.8494630000000001,0.034013605442176874,sin progreso,0.1612613929207734,-0.9098518554200518
74,16045,-28.23013698630135,199,0.8475725000000001,0.05821917808219178,sin progreso,0.17419931657612323,-0.904863213300705
75,16283,-13.08873720136506,238,0.8453115,0.08873720136518772,límite de tiempo,0.18926590754871525,-0.8834483461864924
76,16492,-19.543060498220612,209,0.843326,0.0711743772241993,sin progreso,0.15868471260841513,-0.8889185707524138
77,16617,-33.10810810810826,125,0.8421385,0.02364864864864865,sin progreso,0.20172335184930312,-0.8857863776145443
78,16855,-28.56643356643361,238,0.8398775,0.07342657342657342,límite de tiempo,0.1795423156858059,-0.8823875926308713
79,17061,-42.544927536232194,206,0.8379205,0.04710144927536232,sin progreso,0.17939003657710811,-0.8856145441532135
80,17284,-20.359420289855457,223,0.835802,0.07608695652173914,sin progreso,0.18707433871791831,-0.8868744618126324
81,17522,-35.520446096654965,238,0.8335410000000001,0.06691449814126393,límite de tiempo,0.1954898740228076,-0.9098305863849188
82,17759,-26.618181818181753,237,0.8312895,0.07575757575757576,sin progreso,0.19946776233984442,-1.1636099370859436
83,17955,-45.82671009772015,196,0.8294275,0.03908794788273615,sin progreso,0.22993311140572234,-1.1756328733599917
84,18109,-22.126315789473715,154,0.8279645,0.046052631578947366,sin progreso,0.19396353404348096,-1.1922817352490547
85,18347,20.22633744855864,238,0.8257035,0.12345679012345678,límite de tiempo,0.2242394444272238,-1.1635565353652177
86,18503,-42.79215686274543,156,0.8242214999999999,0.026143790849673203,sin progreso,0.196809312233176,-1.215988623790252
87,18692,0.2620689655168431,189,0.822426,0.08275862068965517,sin progreso,0.1771915063582128,-1.1854891677697499
88,18928,-44.710559006211454,236,0.820184,0.055900621118012424,sin progreso,0.19202299951970325,-1.1638706740686449
89,19091,-42.03397683397709,163,0.8186355000000001,0.03088803088803089,sin progreso,0.22053931483533235,-1.1582810997962951
90,19260,-40.57297297297326,169,0.81703,0.03303303303303303,sin progreso,0.20962252461373113,-1.1754197214925013
91,19498,-12.857142857142751,238,0.8147690000000001,0.08928571428571429,límite de tiempo,0.22489519059358132,-1.1683360752412828
92,19677,-30.78367346938786,179,0.8130685,0.047619047619047616,sin progreso,0.18654936813852854,-1.162587254577213
93,19915,-31.507936507937252,238,0.8108075,0.06984126984126984,límite de tiempo,0.18841861373097715,-1.2054309016567166
94,20153,-23.994082840236587,238,0.8085465000000001,0.07692307692307693,límite de tiempo,0.18369344378394695,-1.3815188924471538
95,20391,-52.36434108527193,238,0.8062855,0.050387596899224806,límite de tiempo,0.18978828113620816,-1.506565096014637
96,20629,-14.11764705882343,238,0.8040245,0.08823529411764706,límite de tiempo,0.18925299119825165,-1.499632042646408
97,20867,-58.302752293578834,238,0.8017635000000001,0.04281345565749235,límite de tiempo,0.23862657481330937,-1.4940756902856343
98,21002,-29.862068965517317,135,0.800481,0.03103448275862069,sin progreso,0.1968344392200165,-1.5194258163957035
99,21175,-36.196699669967145,173,0.7988375,0.039603960396039604,sin progreso,0.1559495104227735,-1.5291252413461374
100,21413,-38.6201780415432,238,0.7965765,0.06231454005934718,límite de tiempo,0.2264783699143057,-1.4884736657142639
101,21651,-34.68253968253998,238,0.7943155,0.06666666666666667,límite de tiempo,0.1983133057700628,-1.5157896704592948
102,21876,-16.66666666666688,225,0.792178,0.08,sin progreso,0.20043614862911535,-1.5119510805397702
103,22114,-43.7179487179492,238,0.789917,0.05860805860805861,límite de tiempo,0.20826077253668238,-1.4911115028090396
104,22317,-6.200000000000383,203,0.7879885,0.08214285714285714,sin progreso,0.21559876560543975,-1.4981742536320406
105,22453,-25.519133574007242,136,0.7866965,0.036101083032490974,sin progreso,0.18006509222323075,-1.510041373617509
106,22682,-41.42078853046618,229,0.784521,0.05734767025089606,sin progreso,0.20129670709240854,-1.7316818634668987
107,22901,-59.62797202797256,219,0.7824405,0.03496503496503497,sin progreso,0.20172953559509055,-1.8181627208536322
108,23078,-26.355555555555554,177,0.780759,0.05185185185185185,sin progreso,0.19530701091174374,-1.7601679048754952
109,23267,-28.907392996109046,189,0.7789635,0.054474708171206226,sin progreso,0.20388422235648365,-1.8027978881876519
110,23505,-26.40794223826739,238,0.7767025,0.07581227436823104,límite de tiempo,0.23859051113637786,-1.7593157847722372
111,23712,-28.92794612794613,207,0.774736,0.06060606060606061,sin progreso,0.2150561354176786,-1.7943477882788732
112,23924,-11.27058823529426,212,0.772722,0.08088235294117647,sin progreso,0.17579982838294697,-1.786711960468652
113,24107,-12.701779359430928,183,0.7709835,0.06761565836298933,sin progreso,0.1856948242471036,-1.7590786986880833
114,24307,-35.39033457249087,200,0.7690835,0.05204460966542751,sin progreso,0.1985862292815,-1.8019360375404359
115,24520,-15.755555555555553,213,0.7670600000000001,0.0763888888888889,sin progreso,0.20260566067709415,-1.801991535557641
116,24745,-65.94501718213132,225,0.7649225,0.030927835051546393,sin progreso,0.18755956637739604,-1.8178897010428565
117,24983,1.0854092526686152,238,0.7626615,0.10320284697508897,límite de tiempo,0.2045597936405595,-1.8036456128298226
118,25221,-26.03448275862097,238,0.7604005,0.07586206896551724,límite de tiempo,0.20343097082028785,-1.926502142349879
119,25429,-45.932919254658685,208,0.7584245000000001,0.043478260869565216,sin progreso,0.16667699452955276,-1.985697083748304
120,25579,-36.43097643097664,150,0.7569995,0.030303030303030304,sin progreso,0.18521169346530694,-1.9591980882593103
121,25720,-28.908591065292175,141,0.75566,0.03436426116838488,sin progreso,0.18884609452086604,-1.9498621556493971
122,25958,-42.36842105263172,238,0.753399,0.05964912280701754,límite de tiempo,0.23485864369766946,-1.936786566750478
123,26122,-37.822222222222464,164,0.751841,0.034722222222222224,sin progreso,0.22473249998988537,-1.9614515159188248
124,26267,-42.43579766536995,145,0.7504635,0.023346303501945526,sin progreso,0.20567944045695993,-1.9794782201449077
125,26443,-13.353020134228387,176,0.7487915,0.06375838926174497,sin progreso,0.19123557361308485,-1.960626247254285
126,26681,-46.140065146580255,238,0.7465305,0.05537459283387622,límite de tiempo,0.17803173947225634,-1.975485763947169
127,26821,-39.660130718954534,140,0.7452004999999999,0.02287581699346405,sin progreso,0.19201423236435014,-1.9796676806041174
128,26959,-40.81151079136718,138,0.7438895000000001,0.02158273381294964,sin progreso,0.17663122706717865,-1.9754872777882744
129,27197,18.793103448275808,238,0.7416285,0.1206896551724138,límite de tiempo,0.2253057666006498,-1.950813082853953
130,27374,-27.46666666666671,177,0.739947,0.05,sin progreso,0.22647880303504114,-1.9248437285423279
131,27573,-26.30846394984321,199,0.7380565000000001,0.05956112852664577,sin progreso,0.19798331803176553,-2.0345109915733337
132,27715,-35.89407665505248,142,0.7367075000000001,0.027874564459930314,sin progreso,0.23199287381555353,-2.1886789798736572
133,27880,-38.22222222222241,165,0.73514,0.034722222222222224,sin progreso,0.16431552718304807,-2.219944812002636
134,28118,7.564102564102205,238,0.7328790000000001,0.10989010989010989,límite de tiempo,0.21335611941087676,-2.2186456029698
135,28277,-36.29624573378862,159,0.7313685,0.034129692832764506,sin progreso,0.18940544965444134,-2.2160451412200928
136,28490,-12.59273927392749,213,0.729345,0.07920792079207921,sin progreso,0.19613633303077155,-2.210548331152718
137,28728,18.725490196077214,238,0.7270840000000001,0.12156862745098039,límite de tiempo,0.2085160017188173,-2.1932942867279053
138,28901,-22.26859205776194,173,0.7254405,0.05415162454873646,sin progreso,0.18807377614795642,-2.174517492915309
139,29139,7.564102564102136,238,0.7231795000000001,0.10989010989010989,límite de tiempo,0.2064536383564947,-2.211337093579567
140,29377,-28.3333333333333,238,0.7209185,0.07333333333333333,límite de tiempo,0.23110164823010565,-2.1923249344031017
141,29542,-45.72972972973007,165,0.7193510000000001,0.02702702702702703,sin progreso,0.18531679005430238,-2.2273118379639416
142,29743,-8.971428571428799,201,0.7174415000000001,0.07857142857142857,sin progreso,0.2398101988900453,-2.187588131427765
143,29866,-18.272164948453657,123,0.716273,0.037800687285223365,sin progreso,0.2045376498868028,-2.1669996861488587
144,30008,-30.133333333333418,142,0.714924,0.03333333333333333,sin progreso,0.20001955688672346,-2.1810554497771792
145,30224,-15.930201342281908,216,0.712872,0.07718120805369127,sin progreso,0.2125204666517675,-2.4882820977105036
146,30390,-15.76708860759516,166,0.711295,0.056962025316455694,sin progreso,0.1809527684775431,-2.503046774282688
147,30537,-22.30364963503664,147,0.7098985,0.043795620437956206,sin progreso,0.18049257529924648,-2.5221303926931844
148,30706,-53.232183908046444,169,0.7082930000000001,0.020114942528735632,sin progreso,0.18952783247611174,-2.5126469248817083
149,30929,6.826490066224359,223,0.7061744999999999,0.10264900662251655,sin progreso,0.18546594175027817,-2.5028156212397983
150,31098,-53.78784530386787,169,0.704569,0.019337016574585635,sin progreso,0.21129780588671565,-2.4722814843768166
151,31336,-39.98381877022727,238,0.7023079999999999,0.061488673139158574,límite de tiempo,0.21664632845204324,-2.493097750345866
152,31574,-18.913043478260768,238,0.700047,0.08333333333333333,límite de tiempo,0.20321888759953238,-2.5038310996556685
153,31752,-10.690445859873003,178,0.698356,0.06687898089171974,sin progreso,0.24344222001317475,-2.457860083050198
154,31990,-51.52173913043558,238,0.696095,0.049689440993788817,límite de tiempo,0.21247121336933036,-2.505815934326689
155,32147,-12.258483754512785,157,0.6946035,0.05776173285198556,sin progreso,0.20058138811817536,-2.4948727106436706
156,32385,-35.39735099337763,238,0.6923425,0.06622516556291391,límite de tiempo,0.19911804645477485,-2.511770045757294
157,32623,43.46153846153751,238,0.6900815,0.14615384615384616,límite de tiempo,0.2405532889967879,-2.6250914315045892
158,32861,-29.482758620689978,238,0.6878205,0.07241379310344828,límite de tiempo,0.15743750530139852,-2.828463129202525
159,33099,-37.76094276094297,238,0.6855595,0.06397306397306397,límite de tiempo,0.18780280573498773,-2.808724637758934
160,33286,-10.826936026936309,187,0.683783,0.0707070707070707,sin progreso,0.21324593736294736,-2.798092872538465
161,33494,-24.009968847352006,208,0.681807,0.06542056074766354,sin progreso,0.22583980791163272,-2.7692504295936
162,33732,-52.14285714285782,238,0.679546,0.05,límite de tiempo,0.18988289512926712,-2.793668631712596
163,33896,-4.166552901024316,164,0.677988,0.06825938566552901,sin progreso,0.21922193338140483,-2.766482957979528
164,34110,-30.044444444444473,214,0.6759550000000001,0.06296296296296296,sin progreso,0.18806282068901467,-2.7997060047005706
165,34348,-29.426229508196744,238,0.673694,0.07213114754098361,límite de tiempo,0.20246200299200912,-2.765047574043274
166,34586,-14.354838709677532,238,0.671433,0.08870967741935484,límite de tiempo,0.2116401776103145,-2.767501911874545
167,34760,-13.629850746268959,174,0.66978,0.06343283582089553,sin progreso,0.2091059578921307,-2.772912702777169
168,34961,-35.79033457249082,201,0.6678705,0.05204460966542751,sin progreso,0.23735232865437866,-2.758083472251892
169,35199,-47.218430034130066,238,0.6656095,0.05460750853242321,límite de tiempo,0.19025591438067918,-3.04925799369812
170,35345,-10.476677316294182,146,0.6642225,0.054313099041533544,sin progreso,0.25107053465939855,-3.032437292305199
171,35568,-29.940740740740758,223,0.662104,0.06666666666666667,sin progreso,0.2290422156220302,-3.064109227487019
172,35749,-22.400000000000013,181,0.6603845,0.056666666666666664,sin progreso,0.22034490055715045,-3.056101343366835
173,35933,-10.308860759493848,184,0.6586365000000001,0.06962025316455696,sin progreso,0.20368672819787878,-3.0911176826642905
174,36079,-12.772623574144712,146,0.6572495,0.053231939163498096,sin progreso,0.223795650811452,-3.0725077191988626
175,36280,-21.359409594096128,201,0.65534,0.06642066420664207,sin progreso,0.244176865555346,-3.0539066885031905
176,36514,-25.930827067669757,234,0.653117,0.07518796992481203,sin progreso,0.2174315876327455,-3.088063194833953
177,36696,-31.790536277602616,182,0.6513880000000001,0.0473186119873817,sin progreso,0.19491202145328987,-3.091375231742859
178,36858,4.797069597069113,162,0.649849,0.07692307692307693,sin progreso,0.18275438299169763,-3.084785258769989
179,37029,-16.074418604651335,171,0.6482245,0.05813953488372093,sin progreso,0.22764546177783157,-3.0576001544331395
180,37226,-11.003389830509033,197,0.646353,0.07457627118644068,sin progreso,0.1892519347768809,-3.111886287222103
181,37454,-32.18360655737711,228,0.6441870000000001,0.06557377049180328,sin progreso,0.21070475449883624,-3.0773699241772032
182,37581,-24.993548387096794,127,0.6429805000000001,0.03225806451612903,sin progreso,0.2313156771560898,-3.281163915991783
183,37716,-32.79858657243828,135,0.6416980000000001,0.028268551236749116,sin progreso,0.1943725075791864,-3.3127745389938354
184,37867,-22.85733788395905,151,0.6402635,0.04436860068259386,sin progreso,0.21732271311653628,-3.3369275299278467
185,37993,-23.98490566037737,126,0.6390665,0.033962264150943396,sin progreso,0.2515451780927833,-3.378841668367386
186,38211,-45.798726114649995,218,0.6369955,0.04777070063694268,sin progreso,0.22209560859051566,-3.3546604094681918
187,38339,-3.9272727272730634,128,0.6357794999999999,0.05454545454545454,sin progreso,0.21119246966554783,-3.352883830666542
188,38564,-19.0123456790127,225,0.633642,0.07716049382716049,sin progreso,0.22053881137010953,-3.306796772438183
189,38717,-20.307806691449862,153,0.6321885,0.048327137546468404,sin progreso,0.21606001482149095,-3.3723722759046053
190,38876,1.5465798045598609,159,0.6306780000000001,0.07166123778501629,sin progreso,0.20513490280136465,-3.3482383608818056
191,39075,-20.159440559440597,199,0.6287875,0.06643356643356643,sin progreso,0.20586007437193576,-3.3604319436209544
192,39254,-41.01896024464859,179,0.627087,0.03669724770642202,sin progreso,0.22004694650984472,-3.331930128733317
193,39466,-15.959420289855474,212,0.625073,0.07608695652173914,sin progreso,0.2013819413171765,-3.3557097506972977
194,39636,8.642335766422567,170,0.6234580000000001,0.08394160583941605,sin progreso,0.21181958449766214,-3.3454492313917292
195,39801,-35.325153374233324,165,0.6218905000000001,0.03680981595092025,sin progreso,0.1953021188255218,-3.3734490115468097
196,39989,-48.08135593220377,188,0.6201045000000001,0.03389830508474576,sin progreso,0.19933106677923748,-3.392828413780699
197,40207,-17.20000000000018,218,0.6180335,0.07666666666666666,sin progreso,0.21996566494581876,-3.6309460710596153
198,40445,4.630996309963038,238,0.6157725000000001,0.1070110701107011,límite de tiempo,0.24569069881302616,-3.6146449565887453
199,40683,-44.82078853046634,238,0.6135115,0.05734767025089606,límite de tiempo,0.24236210410372686,-3.6565082800590387
200,40921,29.513618677041634,238,0.6112504999999999,0.13229571984435798,límite de tiempo,0.22287808252343286,-3.6489210605621336
201,41066,-29.119133574007257,145,0.609873,0.036101083032490974,sin progreso,0.17838234640657902,-3.6695435841878257
202,41213,-30.137579617834476,147,0.6084765000000001,0.03503184713375796,sin progreso,0.22134018485509865,-3.622346465652053
203,41388,2.2021660649814336,175,0.606814,0.07942238267148015,sin progreso,0.20629665316929194,-3.665280916474082
204,41611,-32.2604982206406,223,0.6046955,0.06405693950177936,sin progreso,0.2064448683988303,-3.673175256902521
205,41835,-12.394117647059055,224,0.6025675,0.08455882352941177,sin progreso,0.20759284437683942,-3.693198046513966
206,42073,-19.050632911393055,238,0.6003065000000001,0.08227848101265822,límite de tiempo,0.20427597398326422,-3.657244006792704
207,42299,-41.95709342560575,226,0.5981595000000001,0.05536332179930796,sin progreso,0.2673166131301384,-3.609487691095897
208,42438,2.6191780821913184,139,0.5968390000000001,0.06506849315068493,sin progreso,0.19549011746421457,-3.6726857934679304
209,42634,-2.036363636364042,196,0.5949770000000001,0.08363636363636363,sin progreso,0.22977066384058217,-3.8336764647036183
210,42818,-1.4688524590169034,184,0.593229,0.07868852459016394,sin progreso,0.22372673827466433,-3.979814835216688
211,42977,-19.065587044534617,159,0.5917185,0.05263157894736842,sin progreso,0.21193100827513262,-3.968739575147629
212,43191,15.567315175096539,214,0.5896855000000001,0.10894941634241245,sin progreso,0.20845946623012424,-4.0038391464161425
213,43345,6.581818181817633,154,0.5882225000000001,0.07575757575757576,sin progreso,0.2216040156662273,-3.9837972812163525
214,43498,-16.061111111111302,153,0.5867690000000001,0.052083333333333336,sin progreso,0.2698505658068155,-3.9074841298555074
215,43577,-118.50158730158726,79,0.5860185,0.01904761904761905,fuera del mapa,0.20007338486611842,-3.9587610363960266
216,43752,-7.269372693727295,175,0.584356,0.07011070110701106,sin progreso,0.2536400212821635,-3.9352416938001458
217,43892,8.285714285713723,140,0.583026,0.07142857142857142,sin progreso,0.25169613608824354,-3.9216899803706577
218,44044,-0.9408450704228852,152,0.581582,0.06690140845070422,sin progreso,0.18645155757028414,-4.046980851574948
219,44202,7.269798657717564,158,0.5800810000000001,0.07718120805369127,sin progreso,0.22007342217824397,-3.964469995254125
220,44440,-10.441176470588461,238,0.57782,0.09191176470588236,límite de tiempo,0.23084620217171808,-3.996066137154897
221,44594,-16.402259887005798,154,0.576357,0.05084745762711865,sin progreso,0.2449184687514054,-3.910285711288452
222,44808,-24.30967741935482,214,0.5743240000000001,0.06774193548387097,sin progreso,0.22071248898282647,-3.9758316234306053
223,44954,-3.227586206896899,146,0.572937,0.06206896551724138,sin progreso,0.21864203176098979,-3.9478052457173667
224,45169,-26.972222222222634,215,0.5708945000000001,0.06597222222222222,sin progreso,0.23361855646146945,-4.189799401495192
225,45317,2.8155038759685045,148,0.5694885000000001,0.06976744186046512,sin progreso,0.23770246353956895,-4.248623712642773
226,45490,-24.52646048109961,173,0.5678449999999999,0.05154639175257732,sin progreso,0.21555376834734236,-4.307045409845752
227,45642,-6.659872611465307,152,0.566401,0.06050955414012739,sin progreso,0.270437810839595,-4.246673364388315
228,45767,-24.264705882352963,125,0.5652135,0.03308823529411765,sin progreso,0.20625404737168743,-4.324645142401418
229,45927,-7.333333333333659,160,0.5636935000000001,0.06333333333333334,sin progreso,0.21353283600183204,-4.333910346031189
230,46128,-13.485501858736377,201,0.5617840000000001,0.07434944237918216,sin progreso,0.2683152879277865,-4.290140867233276
231,46366,58.52697095435903,238,0.559523,0.16182572614107885,límite de tiempo,0.23124122055310567,-4.292447478084241
232,46550,-10.4421052631584,184,0.557775,0.07017543859649122,sin progreso,0.24945371987743545,-4.338969634926838
233,46762,-23.428158844765644,212,0.5557610000000001,0.06859205776173286,sin progreso,0.22343204244268391,-4.241857461209567
234,46952,-17.538461538461547,190,0.553956,0.06461538461538462,sin progreso,0.2679815459996462,-4.311161458492279
235,47084,-2.632775919732817,132,0.552702,0.056856187290969896,sin progreso,0.2410764257056695,-4.241376992427941
236,47322,41.36363636363574,238,0.5504410000000001,0.14393939393939395,límite de tiempo,0.22803497465990358,-4.277527033272436
237,47538,-27.166550522648087,216,0.548389,0.06620209059233449,sin progreso,0.24195749115164358,-4.312325459939462
238,47758,-24.17021276595766,220,0.5462990000000001,0.07092198581560284,sin progreso,0.2164542809213427,-4.538833899931475
239,47943,-8.579439252336956,185,0.5445415,0.07165109034267912,sin progreso,0.22624631345515017,-4.499194533928581
240,48098,-15.795379537954068,155,0.543069,0.052805280528052806,sin progreso,0.22774316334667113,-4.445238376275087
241,48252,7.844444444443786,154,0.541606,0.0763888888888889,sin progreso,0.20849717407224652,-4.53572355172573
242,48429,-15.062295081967514,177,0.5399245,0.06229508196721312,sin progreso,0.26545958407223225,-4.496011278846047
243,48667,26.118012422359726,238,0.5376635000000001,0.12732919254658384,límite de tiempo,0.23600549702295812,-4.532664153535487
244,48837,4.847682119204833,170,0.5360484999999999,0.07947019867549669,sin progreso,0.27923261705612723,-4.477610954018527
245,48962,-22.318339100346044,125,0.534861,0.03460207612456748,sin progreso,0.22582248847691283,-4.553852573517831
246,49044,-71.38305084745802,82,0.5340820000000001,0.06779661016949153,fuera del mapa,0.2426707192457148,-4.436862128121512
247,49278,-39.17823129251717,234,0.5318590000000001,0.061224489795918366,sin progreso,0.2283511981207492,-4.54173467899191
248,49434,-16.945454545454588,156,0.5303770000000001,0.05244755244755245,sin progreso,0.20308064351168773,-4.496650121150872
249,49602,-7.200000000000406,168,0.528781,0.06666666666666667,sin progreso,0.221069322965507,-4.555162350336711
250,49840,81.84887459807214,238,0.52652,0.1832797427652733,límite de tiempo,0.21382509956602008,-4.55927832921346
251,50078,46.592920353981384,238,0.524259,0.14749262536873156,límite de tiempo,0.2172682713796148,-4.606551331988836
252,50205,-16.44885496183215,127,0.5230525,0.04198473282442748,sin progreso,0.17039576241950272,-4.817452818155289
253,50354,3.1306273062726095,149,0.521637,0.07011070110701106,sin progreso,0.25893875689724005,-4.737646760167302
254,50573,23.126643598614876,219,0.5195565,0.11764705882352941,sin progreso,0.25366484583778814,-4.737282935055819
255,50754,-16.84444444444469,181,0.5178370000000001,0.06296296296296296,sin progreso,0.23826888787249725,-4.7481052610609265
256,50892,-15.06622073578607,138,0.516526,0.046822742474916385,sin progreso,0.22125079283889915,-4.763599872589111
257,51035,-12.154954954955107,143,0.5151675,0.05105105105105105,sin progreso,0.3326712901038783,-4.681642287118095
258,51203,-3.0490566037740487,168,0.5135715000000001,0.07169811320754717,sin progreso,0.24466422160289117,-4.7689845107850575
259,51407,-37.80437956204416,204,0.5116335000000001,0.051094890510948905,sin progreso,0.23678888854406335,-4.708474028344248
260,51558,-6.708724832215028,151,0.5101990000000001,0.06040268456375839,sin progreso,0.23928949648612424,-4.782478596034803
261,51712,-18.695709570957113,154,0.5087360000000001,0.04950495049504951,sin progreso,0.22689869900783285,-4.816993762285281
262,51819,-72.74705882352981,107,0.5077195,0.07720588235294118,fuera del mapa,0.25985058611975265,-4.711601972579956
263,51986,-5.706752411576019,167,0.506133,0.06752411575562701,sin progreso,0.24217594218706445,-4.718512739453997
264,52129,6.133333333332791,143,0.5047745,0.07,sin progreso,0.2475738030819533,-4.724831302960713
265,52307,-1.7555555555560187,178,0.5030835,0.0763888888888889,sin progreso,0.242792387556454,-4.76542836969549
266,52449,-8.52413793103474,142,0.5017345,0.05517241379310345,sin progreso,0.22766025272560203,-4.783106300565931
267,52641,9.187261146496096,192,0.49991050000000004,0.09235668789808917,sin progreso,0.2327235429159676,-4.8735466202100115
268,52796,-4.307692307692603,155,0.49843800000000005,0.0641025641025641,sin progreso,0.23515722368103573,-5.013811747233073
269,52914,-100.57142857142874,118,0.497317,0.05357142857142857,fuera del mapa,0.22190051028055363,-4.992923670801623
270,53129,0.50519031141787,215,0.49527449999999995,0.09342560553633218,sin progreso,0.24589097686111927,-4.996695783403185
271,53342,-35.664396284829834,213,0.493251,0.05572755417956656,sin progreso,0.28234601556762773,-5.01322252345535
272,53503,1.1737704918029013,161,0.49172150000000003,0.07213114754098361,sin progreso,0.19728023980278522,-5.0563125014305115
273,53667,-3.3049180327872336,164,0.4901635000000001,0.06885245901639345,sin progreso,0.2973156820800973,-5.052090493644156
274,53833,22.337201365187063,166,0.48858650000000003,0.09556313993174062,sin progreso,0.22120158675880658,-5.074555669512067
275,54001,5.596934865899772,168,0.4869905,0.08045977011494253,sin progreso,0.24159318913838693,-4.988187449319022
276,54124,-19.299667774086416,123,0.485822,0.036544850498338874,sin progreso,0.21991551717022254,-5.02166449639105
277,54362,-29.362934362934723,238,0.483561,0.07335907335907337,límite de tiempo,0.22249271787734606,-5.031933436959477
278,54539,-24.360371517028184,177,0.4818795,0.05263157894736842,sin progreso,0.23034395458473061,-4.997855934229764
279,54739,-8.315412186380337,200,0.4799795,0.07885304659498207,sin progreso,0.31772453714162113,-4.934161863327026
280,54903,-3.5084967320264475,164,0.47842150000000006,0.06862745098039216,sin progreso,0.23874582637601147,-5.081014028409633
281,55046,9.914093959730941,143,0.4770630000000001,0.0738255033557047,sin progreso,0.2252524024548216,-5.108294685681661
282,55179,17.507070707070056,133,0.47579950000000004,0.07744107744107744,sin progreso,0.26076639144483843,-5.187875689882221
283,55319,8.056939501778805,140,0.4744695000000001,0.0711743772241993,sin progreso,0.23805559203028678,-5.303007207598005
284,55467,37.01993127147827,148,0.4730635000000001,0.10309278350515463,sin progreso,0.26832518505083547,-5.153107037415376
285,55682,-15.078014184397636,215,0.471021,0.07801418439716312,sin progreso,0.2618078883150937,-5.209456576241387
286,55920,-24.292929292929394,238,0.46875999999999995,0.07744107744107744,límite de tiempo,0.2292516921646893,-5.242625904083252
287,56072,37.79154929577527,152,0.46731600000000006,0.1056338028169014,sin progreso,0.22248905790528575,-5.242575068222849
288,56230,-127.08571428571432,158,0.465815,0.04220779220779221,fuera del mapa,0.22273490460923848,-5.209382998637664
289,56467,77.20000000000334,237,0.4635635,0.18,sin progreso,0.21701751456801163,-5.273980011374263
290,56630,-6.159409594096388,163,0.46201499999999995,0.06642066420664207,sin progreso,0.3331823123096511,-5.235705864138719
291,56810,-25.947368421052623,180,0.46030499999999996,0.05263157894736842,sin progreso,0.23203091652443011,-5.267405721876356
292,56937,-13.532919254658507,127,0.45909849999999996,0.043478260869565216,sin progreso,0.3070095933508128,-5.220406964421272
293,57086,13.570731707316307,149,0.45768299999999995,0.08013937282229965,sin progreso,0.22380818406472336,-5.2410154858151
294,57324,96.0112359550573,238,0.4554220000000001,0.19850187265917604,límite de tiempo,0.24024608333905537,-5.28207368850708
295,57527,87.91764705882638,203,0.4534935000000001,0.17647058823529413,sin progreso,0.23710882145911455,-5.30481216430664
296,57658,7.670671378091326,131,0.452249,0.06713780918727916,sin progreso,0.3566278822183835,-5.497292403018836
297,57823,-0.10852713178344242,165,0.45068149999999996,0.07364341085271318,sin progreso,0.2354260494523659,-5.548446701794136
298,57992,-7.799335548173241,169,0.44907600000000003,0.0664451827242525,sin progreso,0.25496991401061764,-5.468896023062772
299,58183,43.600000000001145,191,0.4472615000000001,0.12666666666666668,sin progreso,0.21609017330202016,-5.503973666657793
300,58421,-11.66666666666677,238,0.4450005,0.09057971014492754,límite de tiempo,0.2421940307598561,-5.473054655392965
301,58659,81.8292682926861,238,0.44273950000000006,0.18292682926829268,límite de tiempo,0.24622185926063586,-5.468826738454528
302,58843,37.51111111111156,184,0.4409915,0.11805555555555555,sin progreso,0.2926577338543923,-5.515828868617183
303,59007,-2.5085173501581437,164,0.43943350000000003,0.0694006309148265,sin progreso,0.24240346175686614,-5.46295492823531
304,59166,24.739222614840457,159,0.43792300000000006,0.09540636042402827,sin progreso,0.24201114638708532,-5.517407691478729
305,59404,103.0198019802011,238,0.435662,0.20462046204620463,límite de tiempo,0.3146008712550004,-5.549937144915263
306,59642,136.70731707317165,238,0.43340100000000004,0.23780487804878048,límite de tiempo,0.2505018753394232,-5.506913831678488
307,59771,-4.768044077135286,129,0.43217550000000005,0.05234159779614325,sin progreso,0.25775268467259593,-5.4881260097026825
308,59918,13.402166064981287,147,0.430779,0.07942238267148015,sin progreso,0.29284331746198033,-5.46711608525869
309,60066,3.0837370242210405,148,0.429373,0.06920415224913495,sin progreso,0.26139799110289363,-5.534590476268047
310,60213,5.716129032257502,147,0.4279765,0.07168458781362007,sin progreso,0.2565522024005249,-5.626060563164788
311,60348,3.3248407643307765,135,0.426694,0.06369426751592357,sin progreso,0.27016947265057,-5.639219312106862
312,60529,-5.498591549296326,181,0.42497450000000003,0.07394366197183098,sin progreso,0.256708610844281,-5.647013145022922
313,60767,64.99999999999913,238,0.42271349999999996,0.16666666666666666,límite de tiempo,0.2113907816109516,-5.640238939705542
314,60941,72.6594142259439,174,0.42106050000000006,0.1506276150627615,sin progreso,0.20914048494093798,-5.665745009075511
315,61121,-11.49044585987305,180,0.41935049999999996,0.06687898089171974,sin progreso,0.265295981698566,-5.5863557285732695
316,61309,10.124232081910494,188,0.4175645,0.09215017064846416,sin progreso,0.26636764898579174,-5.597993434743678
317,61547,68.8225255972718,238,0.41530350000000005,0.17064846416382254,límite de tiempo,0.27388274180308236,-5.607856815144167
318,61760,52.84713804713987,213,0.41328,0.1447811447811448,sin progreso,0.2556232936783797,-5.573536811051546
319,61998,110.88235294117949,238,0.411019,0.21323529411764705,límite de tiempo,0.2848996302365499,-5.517109313253629
320,62151,-5.462295081967531,153,0.4095655,0.06229508196721312,sin progreso,0.26035999732190057,-5.638433381130821
321,62339,95.01276595744977,188,0.4077795000000001,0.1773049645390071,sin progreso,0.23561503722312602,-5.604172280494203
322,62577,180.86206896551846,238,0.4055185,0.2827586206896552,límite de tiempo,0.26708029275760053,-5.678919275601705
323,62707,5.692307692307198,130,0.4042835,0.0641025641025641,sin progreso,0.23372409018338658,-5.793746694922447
324,62883,-7.019718309859387,176,0.4026115,0.07042253521126761,sin progreso,0.262961189516566,-5.867612058466131
325,63055,-2.3664335664340084,172,0.4009775,0.07342657342657342,sin progreso,0.27592263180156085,-5.81547454346058
326,63282,49.20000000000235,227,0.398821,0.15,sin progreso,0.26179963793082717,-5.7901900525678665
327,63437,2.1891891891887965,155,0.3973485,0.07094594594594594,sin progreso,0.31848616630603105,-5.843113422393799
328,63598,0.32491909385070494,161,0.39581900000000003,0.07119741100323625,sin progreso,0.32570374021306636,-5.692282438278198
329,63765,-2.4060606060611005,167,0.3942325,0.07196969696969698,sin progreso,0.2814251882068458,-5.758557523999896
330,63925,10.99999999999932,160,0.3927125,0.08214285714285714,sin progreso,0.4294098144164309,-5.816876792907715
331,64069,13.828571428570662,144,0.3913445000000001,0.07894736842105263,sin progreso,0.2856266734500726,-5.918299516042073
332,64220,13.543661971830284,151,0.3899100000000001,0.08098591549295775,sin progreso,0.2551325532166581,-5.92514725735313
333,64403,26.46777408637829,183,0.3881715,0.10631229235880399,sin progreso,0.25488784971336526,-5.84161967171563
334,64562,10.90980392156794,159,0.38666100000000003,0.08235294117647059,sin progreso,0.25494623417034745,-5.805546963214875
335,64696,-14.638961038961169,134,0.38538800000000006,0.045454545454545456,sin progreso,0.2834161680520457,-5.793491952559528
336,64855,1.0387832699613622,159,0.3838775000000001,0.07224334600760456,sin progreso,0.30213127022561354,-5.833487584040715
337,65022,-15.075862068965604,167,0.38229100000000005,0.05747126436781609,sin progreso,0.28226545031759,-5.863729510988508
338,65190,-5.9096774193552015,168,0.380695,0.06774193548387097,sin progreso,0.2603236206230663,-6.1034516379946755
339,65337,2.928395061727903,147,0.3792985,0.06790123456790123,sin progreso,0.29409510501333186,-6.013491746541616
340,65575,31.373626373625456,238,0.3770375,0.13186813186813187,límite de tiempo,0.27448142847140966,-6.07413707345219
341,65745,1.2041522491344003,170,0.3754225000000001,0.07612456747404844,sin progreso,0.29199464214142673,-6.0149479466815325
342,65887,-2.0054794520551833,142,0.37407350000000006,0.06164383561643835,sin progreso,0.27138817587069103,-6.064447825295584
343,66030,5.517770034842616,143,0.372715,0.06968641114982578,sin progreso,0.3031652966100309,-6.059193412462871
344,66268,180.19379844961512,238,0.37045399999999995,0.28294573643410853,límite de tiempo,0.2916787008444468,-5.959597063064575
345,66391,-104.22646048109995,123,0.36928550000000004,0.05154639175257732,fuera del mapa,0.23503760906557242,-6.081331380208334
346,66629,-24.530201342282517,238,0.3670245,0.07718120805369127,límite de tiempo,0.25747737983862556,-6.035432847340902
347,66776,6.0464163822520085,147,0.36562800000000006,0.07167235494880546,sin progreso,0.27216095915315924,-6.0105604996552335
348,66865,-90.0454545454549,89,0.3647825,0.05303030303030303,fuera del mapa,0.30171857300129806,-6.130126909776167
349,67044,22.844444444443596,179,0.363082,0.1,sin progreso,0.3127912703487608,-5.9499402258131235
350,67190,1.348427672955542,146,0.361695,0.0660377358490566,sin progreso,0.21344939549453557,-6.091380092832777
351,67359,-0.6985915492963666,169,0.36008950000000006,0.07394366197183098,sin progreso,0.2608868395909667,-6.1020807311648415
352,67519,-42.27142857142709,160,0.3585695000000001,0.12857142857142856,fuera del mapa,0.3518231379333884,-6.055122911930084
353,67757,223.96551724138192,238,0.35630850000000003,0.3275862068965517,límite de tiempo,0.4264769975095987,-6.145438385009766
354,67909,3.716129032257607,152,0.3548645,0.07096774193548387,sin progreso,0.3134593224447024,-6.2968877742165015
355,68108,58.73992094861981,199,0.352974,0.14624505928853754,sin progreso,0.3211885764449835,-6.107785959243774
356,68269,-8.844444444444768,161,0.35144450000000005,0.06172839506172839,sin progreso,0.2877124016638845,-6.256001555919648
357,68507,133.26086956522147,238,0.3491835000000001,0.23550724637681159,límite de tiempo,0.2833824244217347,-6.144250182782189
358,68648,4.206060606060108,141,0.34784400000000004,0.06734006734006734,sin progreso,0.3553838181412882,-6.126871307690938
359,68791,8.092096219930747,143,0.3464855,0.07216494845360824,sin progreso,0.36143683301551,-6.245214217049735
360,68972,-32.26622073578613,181,0.344766,0.046822742474916385,sin progreso,0.3485049401288447,-6.11988349582838
361,69183,-12.235051546392421,211,0.34276150000000005,0.07903780068728522,sin progreso,0.2789930525020911,-6.26946928867927
362,69421,63.783783783786916,238,0.3405005,0.16554054054054054,límite de tiempo,0.2767348093291124,-6.153341770172119
363,69579,55.75910780669384,158,0.3389995,0.12639405204460966,sin progreso,0.2801552527130414,-6.108738410167205
364,69817,240.42319749216693,238,0.33673850000000005,0.34169278996865204,límite de tiempo,0.3367644398783644,-6.1346434911092125
365,69952,13.615658362988674,135,0.335456,0.07473309608540925,sin progreso,0.329746812582016,-6.151887192445643
366,70142,-9.33333333333367,190,0.33365100000000003,0.07333333333333333,sin progreso,0.30612702485411725,-6.353686170375093
367,70269,1.8315789473680164,127,0.33244450000000003,0.05921052631578947,sin progreso,0.3327229905407876,-6.25449413061142
368,70444,66.0294117647084,175,0.330782,0.14338235294117646,sin progreso,0.3843207775022496,-6.306744261221453
369,70592,1.4060606060601422,148,0.329376,0.06734006734006734,sin progreso,0.2828458799049258,-6.395975383552345
370,70720,-8.992207792208017,128,0.32816,0.048701298701298704,sin progreso,0.3424787058029324,-6.3141302317380905
371,70872,-8.330864197531094,152,0.326716,0.05864197530864197,sin progreso,0.30860081383664356,-6.356145921506379
372,71022,0.40268456375793393,150,0.3252910000000001,0.06711409395973154,sin progreso,0.3269689207946932,-6.346739730319461
373,71161,5.210810810810349,139,0.32397050000000005,0.06756756756756757,sin progreso,0.3381011741501944,-6.330297047751291
374,71399,208.9215686274537,238,0.3217095,0.3104575163398693,límite de tiempo,0.4275804391856921,-6.332722073894436
375,71637,209.83271375465125,238,0.3194485,0.31226765799256506,límite de tiempo,0.29681193906192976,-6.442744962374369
376,71769,-6.037410071942779,132,0.31819449999999994,0.0539568345323741,sin progreso,0.30638958807244443,-6.246274774724787
377,71900,-2.9813953488375384,131,0.31695000000000007,0.055232558139534885,sin progreso,0.381249162735361,-6.414799675796971
378,72019,-25.459778597786006,119,0.31581950000000003,0.033210332103321034,sin progreso,0.33772956785456887,-6.278098369466847
379,72257,119.51104100946608,238,0.31355849999999996,0.22082018927444794,límite de tiempo,0.3218894445647796,-6.365615240732828
380,72454,37.304868913857995,197,0.31168700000000005,0.12359550561797752,sin progreso,0.28848992767078535,-6.479215281350272
381,72588,8.468965517240848,134,0.3104140000000001,0.06896551724137931,sin progreso,0.2902430162272033,-6.665021812214571
382,72710,-7.562886597938405,122,0.30925500000000006,0.048109965635738834,sin progreso,0.36967492699623106,-6.595521195729574
383,72948,217.50000000000443,238,0.306994,0.32083333333333336,límite de tiempo,0.3394676705201467,-6.663282632827759
384,73079,11.294267515922979,131,0.3057495,0.07006369426751592,sin progreso,0.39095706124498975,-6.608971118927002
385,73247,-4.928937728938146,168,0.3041535000000001,0.0695970695970696,sin progreso,0.29339244172331835,-6.78717767624628
386,73380,-98.31282051282089,133,0.30289,0.060897435897435896,fuera del mapa,0.35113059745772796,-6.513360963148229
387,73517,6.424489795917868,137,0.30158850000000004,0.06802721088435375,sin progreso,0.3454894699594554,-6.674716220182531
388,73755,86.8181818181832,238,0.29932749999999997,0.1893939393939394,límite de tiempo,0.29820254059918855,-6.692949763799118
389,73993,258.84615384615336,238,0.2970665,0.36153846153846153,límite de tiempo,0.3737599939107895,-6.649423638979594
390,74187,3.045161290321756,194,0.29522349999999997,0.08870967741935484,sin progreso,0.30214776610955596,-6.675735771656036
391,74316,9.55107913669009,129,0.293998,0.0683453237410072,sin progreso,0.3116578927094286,-6.593335657408743
392,74452,13.015730337078006,136,0.292706,0.0749063670411985,sin progreso,0.38979420449365587,-6.522232616648955
393,74586,10.229787234041973,134,0.29143300000000005,0.07092198581560284,sin progreso,0.33312153590447974,-6.711988709189675
394,74776,-16.594059405940833,190,0.289628,0.066006600660066,sin progreso,0.31355272155875963,-6.6266345381736755
395,75014,107.84697508896889,238,0.28736700000000004,0.2099644128113879,límite de tiempo,0.31468600479854364,-6.614408614271778
396,75165,9.44126984126922,151,0.28593250000000003,0.0761904761904762,sin progreso,0.33903650910054384,-6.919600311078523
397,75373,61.627586206899245,208,0.28395650000000006,0.15172413793103448,sin progreso,0.38850706787063527,-6.783380746841431
398,75541,-20.605017921147272,168,0.2823605,0.053763440860215055,sin progreso,0.37037255322294577,-6.8013953140803745
399,75705,-26.89169550172923,164,0.28080250000000007,0.1453287197231834,fuera del mapa,0.3137011049179042,-6.874589978194818
400,75834,13.854545454544784,129,0.2795770000000001,0.07272727272727272,sin progreso,0.3635360565967858,-6.724707737565041
401,76045,-32.31666666666702,211,0.2775725000000001,0.059027777777777776,sin progreso,0.3024735298218592,-6.829488682297041
402,76191,-3.20519480519514,146,0.2761855000000001,0.06168831168831169,sin progreso,0.4459062098628945,-6.754727615250482
403,76320,26.136231884059754,129,0.2749600000000001,0.18478260869565216,fuera del mapa,0.33807269325762085,-6.920717065984553
404,76447,3.6871794871790478,127,0.2737535000000001,0.060897435897435896,sin progreso,0.3494055026000546,-6.879969812208606
405,76685,94.27444794953055,238,0.2714925,0.19558359621451105,límite de tiempo,0.3722490866978963,-6.819491370519002
406,76889,-13.572789115646808,204,0.26955450000000003,0.07482993197278912,sin progreso,0.39853006659769546,-6.848453465630026
407,77064,-21.704545454545784,175,0.267892,0.05397727272727273,sin progreso,0.33746780488978734,-6.913947864012285
408,77231,9.8550522648078,167,0.2663055,0.08362369337979095,sin progreso,0.358763802887463,-6.92654518964814
409,77433,74.60540540540778,202,0.2643865000000001,0.16216216216216217,sin progreso,0.33469996893522785,-6.8235409867529775
410,77650,29.704854368931485,217,0.26232500000000003,0.12297734627831715,sin progreso,0.35225044321958665,-6.942281846646909
411,77797,5.508681672025203,147,0.2609285,0.0707395498392283,sin progreso,0.3577016195332682,-7.12232038137075
412,78035,268.63636363635413,238,0.25866750000000005,0.3706293706293706,límite de tiempo,0.3556396309917761,-6.932362774671135
413,78187,62.48767123287938,152,0.25722350000000005,0.13013698630136986,sin progreso,0.3166463503025864,-7.128674544786152
414,78318,10.797026022304216,131,0.25597900000000007,0.07063197026022305,sin progreso,0.4280862428925254,-7.15222743063262
415,78556,83.94736842105205,238,0.253718,0.18596491228070175,límite de tiempo,0.3683266488214334,-7.063299210866292
416,78794,198.57798165138,238,0.25145700000000004,0.2996941896024465,límite de tiempo,0.3778443115495019,-7.100903898982678
417,78943,15.587969924811361,149,0.2500415,0.08270676691729323,sin progreso,0.36282870928580696,-7.074942640356116
418,79181,85.27210884354027,238,0.24778050000000007,0.1870748299319728,límite de tiempo,0.34054946145042775,-7.11373545328776
419,79419,302.72727272727275,238,0.2455195000000001,0.4053030303030303,límite de tiempo,0.3500037628967883,-6.967705872099279
420,79581,11.563636363635592,162,0.24398050000000004,0.08363636363636363,sin progreso,0.4247970419322572,-7.128839748661693
421,79819,158.01204819277544,238,0.2417195000000001,0.25903614457831325,límite de tiempo,0.39380112662911415,-7.023493306111481
422,80045,-21.434482758621336,226,0.23957250000000008,0.07586206896551724,sin progreso,0.3761125403668797,-7.152296208498771
423,80180,11.217391304347228,135,0.2382900000000001,0.07246376811594203,sin progreso,0.4849638566374779,-7.203620447831995
424,80355,49.20529801324648,175,0.2366275000000001,0.12582781456953643,sin progreso,0.3652018486673749,-7.141633033752441
425,80490,1.3846153846149947,135,0.23534500000000014,0.06153846153846154,sin progreso,0.3894350844271043,-7.21643011710223
426,80728,194.47368421053,238,0.23308400000000007,0.29605263157894735,límite de tiempo,0.35233367991944153,-7.304044063886007
427,80966,270.01901140684487,238,0.230823,0.3726235741444867,límite de tiempo,0.3757016173863815,-7.200173022383351
428,81111,9.092651757187937,145,0.22944550000000008,0.07348242811501597,sin progreso,0.3600851381197572,-7.1004080639945135
429,81247,11.343944636677627,136,0.2281535,0.0726643598615917,sin progreso,0.35463692247867584,-7.247012320686789
430,81485,234.93197278911728,238,0.22589250000000005,0.336734693877551,límite de tiempo,0.5462047388156255,-7.27795589764913
431,81723,266.31386861313837,238,0.22363149999999998,0.3686131386861314,límite de tiempo,0.3672171067762173,-7.391664690890555
432,81856,8.719504643962319,133,0.22236800000000012,0.06811145510835913,sin progreso,0.40404655258445177,-7.121855862000409
433,82057,70.80274914089613,201,0.2204585,0.15807560137457044,sin progreso,0.43438860043883326,-7.302610273361206
434,82288,254.8222222222139,231,0.21826400000000012,0.3541666666666667,sin progreso,0.420491188250739,-7.062365030420238
435,82526,341.0655737704848,238,0.21600300000000006,0.4426229508196721,límite de tiempo,0.4413904014785411,-7.281529531640522
436,82764,267.1262458471804,238,0.213742,0.3687707641196013,límite de tiempo,0.3834988661110401,-7.120871694882711
437,82898,-5.818430034130051,134,0.21246900000000002,0.05460750853242321,sin progreso,0.4288616501020663,-7.094416603897557
438,83085,59.22061855670408,187,0.21069250000000006,0.140893470790378,sin progreso,0.42632953251929995,-7.129183099624958
439,83214,16.129083665337987,129,0.20946700000000007,0.07569721115537849,sin progreso,0.3954527797177434,-7.165960192680359
440,83452,139.8754448398609,238,0.207206,0.24199288256227758,límite de tiempo,0.4055020390699307,-6.998964126904806
441,83620,43.54918566775332,168,0.20560999999999996,0.11726384364820847,sin progreso,0.4892787103142057,-6.917615845089867
442,83751,7.525093632958267,131,0.2043655000000001,0.06741573033707865,sin progreso,0.4443335519172251,-7.0139006823301315
443,83901,-0.8284023668642699,150,0.20294049999999997,0.0650887573964497,sin progreso,0.5076512168896826,-6.863886569675646
444,84060,-2.789189189189501,159,0.20143,0.06756756756756757,sin progreso,0.4620982391759753,-6.991545999050141
445,84195,17.197411003235572,135,0.20014750000000003,0.07766990291262135,sin progreso,0.43089005384932866,-7.007445190892075
446,84433,286.5261044176658,238,0.19788649999999997,0.3895582329317269,límite de tiempo,0.4449993761877219,-7.070714553197225
447,84671,489.55882352940523,238,0.19562550000000012,0.5919117647058824,límite de tiempo,0.4006765561841302,-7.024908890158443
448,84909,30.92592592592505,238,0.19336450000000005,0.13333333333333333,límite de tiempo,0.5067403993258873,-7.0487068096796675
449,85034,9.999999999999416,125,0.19217700000000004,0.068,sin progreso,0.48348925382860247,-6.735568723370952
450,85174,18.999999999999318,140,0.190847,0.08214285714285714,sin progreso,0.4492017141410283,-6.801233836582729
451,85412,187.60869565217683,238,0.18858600000000003,0.28804347826086957,límite de tiempo,0.48466555078824364,-6.732325752576192
452,85650,251.0076045627368,238,0.18632499999999996,0.35361216730038025,límite de tiempo,0.468396642703121,-6.632372751074322
453,85888,321.6666666666676,238,0.184064,0.42424242424242425,límite de tiempo,0.4838857832054297,-6.544687620798746
454,86057,-8.97931034482776,169,0.18245850000000008,0.06551724137931035,sin progreso,0.47892491058224723,-6.724216642833891
455,86240,49.82839116719435,183,0.18072,0.12933753943217666,sin progreso,0.5222549078905064,-6.642248361007027
456,86398,6.730069930069243,158,0.17921900000000002,0.07692307692307693,sin progreso,0.5160632106738213,-6.59434384566087
457,86518,-21.333333333333368,120,0.1780790000000001,0.03333333333333333,sin progreso,0.4766821170846621,-6.651923767725626
458,86756,188.91167192429225,238,0.17581800000000003,0.2902208201892745,límite de tiempo,0.5620056451608737,-6.466971039772034
459,86917,85.78315018315305,161,0.17428850000000007,0.1575091575091575,sin progreso,0.4955828934907913,-6.650538992881775
460,87061,3.624489795917885,144,0.17292050000000003,0.06802721088435375,sin progreso,0.5076729390356276,-6.582405739360386
461,87299,177.13114754098677,238,0.17065949999999996,0.2786885245901639,límite de tiempo,0.470012418041795,-6.659589120897196
462,87380,-55.176923076923266,81,0.16988999999999999,0.08424908424908426,fuera del mapa,0.4867567859944843,-6.768738315218971
463,87512,1.944525547444801,132,0.168636,0.06204379562043796,sin progreso,0.5490365759892897,-6.811755093661222
464,87643,12.892096219930645,131,0.16739150000000003,0.07216494845360824,sin progreso,0.5971347382292151,-6.657684177160263
465,87881,223.18181818182197,238,0.16513050000000007,0.32517482517482516,límite de tiempo,0.5601913710435231,-6.645692316691081
466,88119,221.66666666667103,238,0.1628695,0.3233333333333333,límite de tiempo,0.5667190561860295,-6.741494405067574
467,88219,-40.000000000000284,100,0.1619195,0.006024096385542169,sin progreso,0.5290177676081658,-6.65224027633667
468,88457,330.9927797833866,238,0.15965850000000004,0.4332129963898917,límite de tiempo,0.5208169639110565,-6.56467440923055
469,88593,12.26666666666607,136,0.15836650000000008,0.07333333333333333,sin progreso,0.5611048805363038,-6.512711188372443
470,88720,6.753956834531875,127,0.15716000000000008,0.06474820143884892,sin progreso,0.5053550847806036,-6.7104946076869965
471,88925,56.211382113824826,205,0.1552125000000001,0.15040650406504066,sin progreso,0.5632577155734978,-6.691659487929999
472,89056,-2.4000000000003343,131,0.153968,0.05588235294117647,sin progreso,0.5256672343521407,-6.45550045822606
473,89262,312.5275362318739,206,0.15201100000000012,0.40217391304347827,sin progreso,0.5131820349716673,-6.59923495498358
474,89392,10.937062937062349,130,0.15077600000000002,0.06993006993006994,sin progreso,0.538623442252477,-6.433227466814445
475,89629,25.355038759692015,237,0.14852450000000006,0.12790697674418605,sin progreso,0.5181098012095791,-6.746390908451404
476,89758,12.916129032257434,129,0.14729899999999996,0.07168458781362007,sin progreso,0.5199244972318411,-6.541375577449799
477,89996,279.5318352059803,238,0.1450380000000001,0.38202247191011235,límite de tiempo,0.544463886320591,-6.583858259518942
478,90124,7.219243986253783,128,0.143822,0.06529209621993128,sin progreso,0.6187817580066621,-6.299570009112358
479,90252,13.5482014388483,128,0.142606,0.07194244604316546,sin progreso,0.6181621756404638,-6.394027769565582
480,90387,8.49999999999941,135,0.14132350000000005,0.06944444444444445,sin progreso,0.6057336777448654,-6.4053890199372265
481,90531,46.83037974683669,144,0.13995550000000012,0.11075949367088607,sin progreso,0.48269562526709503,-6.545850767029656
482,90769,713.1632653061129,238,0.13769450000000005,0.8163265306122449,límite de tiempo,0.6332603839536508,-6.353029417991638
483,90903,6.898220640568862,134,0.13642150000000008,0.06761565836298933,sin progreso,0.5562436544533932,-6.369355490713408
484,91070,-12.005479452054944,167,0.13483500000000004,0.06164383561643835,sin progreso,0.6030623650267011,-6.339639130092802
485,91308,348.36569579287254,238,0.13257400000000008,0.44983818770226536,límite de tiempo,0.5140370663255454,-6.323458894093831
486,91494,87.21616161616475,186,0.13080700000000012,0.16835016835016836,sin progreso,0.5180435468969138,-6.551539638768071
487,91650,-6.108609271523431,156,0.12932500000000002,0.06291390728476821,sin progreso,0.5404126082475369,-6.167415985694299
488,91835,222.52641509433204,185,0.12756750000000006,0.4037735849056604,fuera del mapa,0.6593735681279845,-6.40344474626624
489,91901,-26.355871886120298,66,0.1269405,0.10676156583629894,fuera del mapa,0.5742028373129228,-6.29830441755407
490,92096,97.00000000000284,195,0.1250880000000001,0.18333333333333332,sin progreso,0.5398117504557784,-6.175693677396191
491,92324,-29.909677419355454,228,0.12292200000000009,0.06774193548387097,sin progreso,0.5742079840417493,-6.156629060444079
492,92518,-25.98709677419373,194,0.12107900000000005,0.05806451612903226,sin progreso,0.48379952491571504,-6.456650952498118
493,92656,5.000668896320537,138,0.11976799999999999,0.06688963210702341,sin progreso,0.6388255945273809,-6.08122068132673
494,92894,275.7482993197257,238,0.11750700000000003,0.37755102040816324,límite de tiempo,0.5708243023541014,-6.2994999158180365
495,93132,208.13588850174528,238,0.11524599999999996,0.31010452961672474,límite de tiempo,0.5485354324181875,-6.178015955289205
496,93260,11.997026022304212,128,0.11403000000000008,0.07063197026022305,sin progreso,0.6106022009626031,-6.136326737701893
497,93403,67.80000000000254,143,0.11267150000000004,0.13194444444444445,sin progreso,0.6366238164050239,-6.275461483001709
498,93641,158.1250000000033,238,0.11041050000000008,0.259375,límite de tiempo,0.5961350363989671,-5.972549879550934
499,93879,497.4528301886685,238,0.10814950000000001,0.6,límite de tiempo,0.6793469695721642,-5.911985263986103
500,94117,534.0322580645068,238,0.10588850000000005,0.635483870967742,límite de tiempo,0.641092428813378,-6.033560649553935
501,94274,0.45301204819242624,157,0.10439700000000007,0.06927710843373494,sin progreso,0.5872481022125635,-5.92269876675728
502,94409,3.142857142856684,135,0.10311450000000011,0.06349206349206349,sin progreso,0.6033448112361571,-6.109758818850798
503,94552,-15.816393442620509,143,0.10175600000000007,0.14754098360655737,fuera del mapa,0.629834438363711,-5.7717783318625555
504,94681,6.6822085889565805,129,0.10053049999999997,0.06441717791411043,sin progreso,0.5800033276900649,-5.9975158125162125
505,94840,9.274493927124952,159,0.09902,0.08097165991902834,sin progreso,0.6232674919068814,-6.018226099014282
506,94967,-78.15665399239589,127,0.0978135,0.07984790874524715,fuera del mapa,0.76271011752467,-5.9351246280054895
507,95048,-63.15942028985541,81,0.09704400000000002,0.07608695652173914,fuera del mapa,0.6208859199569339,-5.5596217427934915
508,95178,11.758389261744359,130,0.09580900000000003,0.07046979865771812,sin progreso,0.7301547480747104,-6.178781554102898
509,95307,24.445627376425435,129,0.09458350000000004,0.08365019011406843,sin progreso,0.7139613311737776,-5.685150511562824
510,95463,7.834113712374078,156,0.09310150000000006,0.07692307692307693,sin progreso,0.8582823811433254,-5.733142651044405
511,95701,341.3636363636325,238,0.09084049999999999,0.44363636363636366,límite de tiempo,0.7045231034358342,-5.9512258211771645
512,95906,203.71428571428865,205,0.088893,0.2920634920634921,sin progreso,0.6883956737378064,-6.113402764002482
513,96144,355.7042253521089,238,0.08663200000000004,0.45774647887323944,límite de tiempo,0.7081510598460833,-5.849122309684754
514,96247,-77.93703703703753,103,0.08565350000000005,0.07037037037037037,fuera del mapa,0.9904291522502899,-5.377851028442382
515,96411,180.19473684210186,164,0.08409549999999999,0.3519736842105263,fuera del mapa,0.7155401910223612,-5.471304323615097
516,96510,-75.21081081081128,99,0.08315500000000009,0.07094594594594594,fuera del mapa,0.69116868019104,-5.757399024963379
517,96663,101.06415094339883,153,0.0817015000000001,0.16981132075471697,sin progreso,0.8012182853723827,-5.960803006824694
518,96901,802.887323943648,238,0.07944050000000002,0.9049295774647887,límite de tiempo,0.6582330318788687,-5.91506876150767
519,96998,-3.2616541353374373,97,0.07851900000000012,0.14285714285714285,fuera del mapa,0.670136108994484,-6.081424554189046
520,97236,291.018237082069,238,0.07625800000000005,0.39209726443769,límite de tiempo,0.7246087104082107,-5.649087854226431
521,97394,102.87773851590373,158,0.07475699999999996,0.17314487632508835,sin progreso,0.6727073116180224,-5.811766190406604
522,97632,355.18450184500807,238,0.07249600000000012,0.4575645756457565,límite de tiempo,0.7603375529249509,-5.6946260809898375
523,97779,5.256939501778829,147,0.07109949999999998,0.0711743772241993,sin progreso,0.9959369247986211,-5.525365604294671
524,97889,-75.3406143344715,110,0.07005450000000002,0.07508532423208192,fuera del mapa,0.8219727714146886,-5.6722575809274405
525,98042,100.56470588235561,153,0.06860100000000013,0.16911764705882354,sin progreso,0.9059548542687768,-5.420690567869889
526,98219,-103.73333333333368,177,0.06691950000000002,0.07333333333333333,fuera del mapa,0.7518984519622542,-5.9602332006801255
527,98390,171.88268551237047,171,0.06529499999999999,0.24734982332155478,sin progreso,0.758438878281172,-5.783330274182696
528,98520,10.499999999999432,130,0.06406000000000012,0.06907894736842106,sin progreso,1.114724034612829,-5.6100781830874356
529,98758,239.43708609271863,238,0.06179900000000005,0.34105960264900664,límite de tiempo,0.837226810596757,-5.5766596874948275
530,98836,17.806811145511745,78,0.06105800000000006,0.15479876160990713,fuera del mapa,0.8472625389695168,-5.218947756290436
531,98965,10.695081967212555,129,0.059832500000000066,0.06885245901639345,sin progreso,0.7476264787837863,-5.723592020571232
532,99087,-86.64432989690769,122,0.058673500000000045,0.06872852233676977,fuera del mapa,0.8651858101288478,-5.58822112083435
533,99307,224.5000000000006,220,0.05658350000000001,0.31875,sin progreso,0.797446194562045,-5.470940962704745
534,99545,431.81388012618055,238,0.05432250000000005,0.5331230283911672,límite de tiempo,0.830621263384819,-5.504131944974263
535,99693,91.53529411764964,148,0.05291650000000003,0.15808823529411764,sin progreso,0.7852332583955817,-5.620675866668289
536,99931,354.27536231883744,238,0.050655499999999964,0.45652173913043476,límite de tiempo,0.846646104828786,-5.597906205613734
537,100161,322.4736842105143,230,0.050000000000000044,0.42105263157894735,sin progreso,0.9558777968431341,-5.4126927400457445
538,100322,118.03243243243523,161,0.050000000000000044,0.1891891891891892,sin progreso,0.9433480247855186,-4.935978591442108
539,100503,205.887461773704,181,0.050000000000000044,0.28440366972477066,sin progreso,0.81360039446089,-5.481081363889906
540,100741,612.6411960132822,238,0.050000000000000044,0.7142857142857143,límite de tiempo,0.9756017436583837,-5.591245861848195
541,100917,-15.472206303721933,176,0.050000000000000044,0.16045845272206305,fuera del mapa,0.9209597666155208,-5.198215636340055
542,101123,137.3876288659811,206,0.050000000000000044,0.32646048109965636,fuera del mapa,0.9369968584939545,-5.100393426184561
543,101361,599.2446043165339,238,0.050000000000000044,0.7014388489208633,límite de tiempo,0.9335931892196337,-5.201602164904276
544,101599,436.35313531351926,238,0.050000000000000044,0.5379537953795379,límite de tiempo,0.979747548951941,-4.884969937599312
545,101837,315.52631578946574,238,0.050000000000000044,0.41754385964912283,límite de tiempo,0.8138864566882451,-5.262214962641398
546,102011,76.579401993358,174,0.050000000000000044,0.15282392026578073,sin progreso,0.8956087626690088,-5.600823823795762
547,102203,-5.613559322034354,192,0.050000000000000044,0.07796610169491526,sin progreso,0.9579503616938988,-5.034414699922006
548,102327,-84.98387096774255,124,0.050000000000000044,0.07096774193548387,fuera del mapa,0.8081089306262231,-5.275599918057842
549,102565,132.89115646258801,238,0.050000000000000044,0.23469387755102042,límite de tiempo,0.8345304797093074,-5.26034076611201
550,102803,241.99633699633966,238,0.050000000000000044,0.3443223443223443,límite de tiempo,1.0590267428907298,-5.480196051678415
551,103009,166.45444839856896,206,0.050000000000000044,0.35587188612099646,fuera del mapa,1.034442024735304,-5.462433085991786
552,103247,152.70642201835278,238,0.050000000000000044,0.25382262996941896,límite de tiempo,0.9055327677120597,-5.396652355032452
553,103383,-85.14754098360692,136,0.050000000000000044,0.07540983606557378,fuera del mapa,0.8431117920314565,-5.658186372588663
554,103614,407.16908517349157,231,0.050000000000000044,0.6056782334384858,fuera del mapa,0.8330492695857739,-5.963293671607971
555,103852,313.30449826988456,238,0.050000000000000044,0.41522491349480967,límite de tiempo,0.9438125347097714,-5.553962928553422
556,103981,17.997069597068965,129,0.050000000000000044,0.07692307692307693,sin progreso,0.8496812172234058,-5.99213557690382
557,104137,59.09532710280599,156,0.050000000000000044,0.1277258566978193,sin progreso,0.8930275042851766,-5.86062573775267
558,104375,481.7918088737079,238,0.050000000000000044,0.5836177474402731,límite de tiempo,0.8684743481167292,-5.65214977426044
559,104534,82.03106796116793,159,0.050000000000000044,0.15210355987055016,sin progreso,0.9269164718687535,-5.615674954652786
560,104634,-40.00000000000027,100,0.050000000000000044,0.007067137809187279,sin progreso,0.7982872354984284,-5.819990253448486
561,104872,411.9444444444353,238,0.050000000000000044,0.5138888888888888,límite de tiempo,0.8308339764674505,-5.692031063636144
562,105038,11.338515901059257,166,0.050000000000000044,0.08480565371024736,sin progreso,0.8837861200658287,-5.756700129043765
563,105196,89.34237288135841,158,0.050000000000000044,0.15932203389830507,sin progreso,0.9787250153720379,-5.110451030731201
564,105409,25.544827586208868,213,0.050000000000000044,0.21724137931034482,fuera del mapa,1.040236696882068,-4.633825709234993
565,105538,20.643346007603895,129,0.050000000000000044,0.07984790874524715,sin progreso,0.9709254577755928,-4.584146298468113
566,105667,17.36551724137866,129,0.050000000000000044,0.07662835249042145,sin progreso,0.984133642166853,-4.82662944868207
567,105905,351.64031620552555,238,0.050000000000000044,0.45454545454545453,límite de tiempo,0.9463132311900456,-4.74291745821635
568,106143,206.4925373134357,238,0.050000000000000044,0.3074626865671642,límite de tiempo,1.12885268916518,-4.722107016939228
569,106381,193.59060402684526,238,0.050000000000000044,0.2953020134228188,límite de tiempo,0.9574172491828601,-4.873426393667857
570,106619,359.2253521126642,238,0.050000000000000044,0.4612676056338028,límite de tiempo,1.0067775138353898,-4.747374098179704
571,106857,335.76923076921923,238,0.050000000000000044,0.4369230769230769,límite de tiempo,0.8603990718722343,-4.571644204854965
572,107049,303.98291814945685,192,0.050000000000000044,0.3879003558718861,sin progreso,0.9483825427790483,-4.495720850924651
573,107287,412.93650793650414,238,0.050000000000000044,0.5142857142857142,límite de tiempo,0.9725460925344693,-4.628668239561178
574,107525,427.1518987341651,238,0.050000000000000044,0.5284810126582279,límite de tiempo,1.0903435334563256,-4.571291979153951
575,107763,418.43283582089106,238,0.050000000000000044,0.5194029850746269,límite de tiempo,1.026978818036742,-3.2053033669116133
576,107980,298.33513513512463,217,0.050000000000000044,0.3918918918918919,sin progreso,0.9932267449118874,-3.9198036697777834
577,108218,250.0479233226804,238,0.050000000000000044,0.3514376996805112,límite de tiempo,1.1773758752871368,-3.7158545760785118
578,108430,398.7164835164724,212,0.050000000000000044,0.4908424908424908,sin progreso,1.0162934604680762,-3.175673433632221
579,108625,170.57142857143202,195,0.050000000000000044,0.2542857142857143,sin progreso,1.0787318665154126,-3.108887802581398
580,108863,365.14492753622017,238,0.050000000000000044,0.4673913043478261,límite de tiempo,0.9854446578834016,-3.6669299127691883
581,109043,108.7054054054089,180,0.050000000000000044,0.28716216216216217,fuera del mapa,1.013814996348487,-3.761404573917389
582,109281,262.3770491803278,238,0.050000000000000044,0.3639344262295082,límite de tiempo,1.0092012966672579,-3.759393411874771
583,109519,163.06451612903348,238,0.050000000000000044,0.26523297491039427,límite de tiempo,0.9741999173568467,-3.378314187971212
584,109757,728.99999999999,238,0.050000000000000044,0.832,límite de tiempo,1.108520435790221,-3.2029090985655784
585,109995,217.71477663230644,238,0.050000000000000044,0.31958762886597936,límite de tiempo,0.9560449840658802,-3.3473217032723506
586,110233,360.14950166111987,238,0.050000000000000044,0.46179401993355484,límite de tiempo,1.073005696137746,-2.9159961178898812
587,110471,737.7272727272585,238,0.050000000000000044,0.84,límite de tiempo,1.2053466792834007,-2.678009732547453
588,110709,507.1126760563307,238,0.050000000000000044,0.6091549295774648,límite de tiempo,1.1079636042316754,-2.6879584302504855
589,110947,551.2093862815766,238,0.050000000000000044,0.6534296028880866,límite de tiempo,1.106625366514012,-2.6580604072344505
590,111185,557.1739130434655,238,0.050000000000000044,0.6588628762541806,límite de tiempo,1.1269087751706441,-2.339612919092178
591,111290,-74.66219081272139,105,0.050000000000000044,0.07420494699646643,fuera del mapa,1.0299732857025587,-2.4645633697509766
592,111497,286.83696369635993,207,0.050000000000000044,0.37623762376237624,sin progreso,1.2619683295488358,-2.3407815620303154
593,111696,346.7437908496661,199,0.050000000000000044,0.5326797385620915,fuera del mapa,1.0079811984300613,-2.8882079553604125
594,111934,541.0946745562014,238,0.050000000000000044,0.6420118343195266,límite de tiempo,1.1373679400500605,-2.4379437687033314
595,112149,242.81355932202726,215,0.050000000000000044,0.33559322033898303,sin progreso,1.1075630728845243,-2.1877331162492433
596,112301,65.00645161290566,152,0.050000000000000044,0.13225806451612904,sin progreso,1.1616315637764179,-2.093207801643171
597,112509,374.67545787544725,208,0.050000000000000044,0.4652014652014652,sin progreso,1.047572130194077,-2.470438207571323
598,112747,483.59531772574076,238,0.050000000000000044,0.5852842809364549,límite de tiempo,1.1938108458357342,-2.5756987227221666
599,112985,725.3389830508357,238,0.050000000000000044,0.8271186440677966,límite de tiempo,1.2035036067167917,-2.381737081706524
600,113223,292.69230769229955,238,0.050000000000000044,0.39384615384615385,límite de tiempo,1.1603072967569708,-1.9638498213331579
601,113461,582.6315789473613,238,0.050000000000000044,0.6842105263157895,límite de tiempo,1.2564117471377054,-2.0936428810159367
602,113699,259.08560311283685,238,0.050000000000000044,0.36186770428015563,límite de tiempo,1.242075017953323,-1.972895109552448
603,113881,155.77142857143184,182,0.050000000000000044,0.2357142857142857,sin progreso,1.2302353855060495,-2.6992353434148044
604,114119,199.98525073746652,238,0.050000000000000044,0.3008849557522124,límite de tiempo,1.1453549063811868,-2.1654038989948012
605,114357,588.0985915492857,238,0.050000000000000044,0.6901408450704225,límite de tiempo,1.2017656574646631,-1.551868924498558
606,114595,676.5355805243372,238,0.050000000000000044,0.7790262172284644,límite de tiempo,1.2324791045512182,-1.9936605050402172
607,114829,898.6678714859345,234,0.050000000000000044,1.0,vuelta completa,1.0478594878972587,-2.32664286534665
608,115056,361.7316455696093,227,0.050000000000000044,0.4588607594936709,sin progreso,1.233707370465262,-1.4342773676964276
609,115294,745.1486988847463,238,0.050000000000000044,0.8475836431226765,límite de tiempo,1.2303870168782898,-1.1222204010365373
610,115526,421.69275362317796,232,0.050000000000000044,0.5217391304347826,sin progreso,1.28216855844547,-1.8134987636886795
611,115764,582.3049645389962,238,0.050000000000000044,0.6843971631205674,límite de tiempo,1.1181021973490715,-1.7357530256112417
612,116002,481.3239875389311,238,0.050000000000000044,0.5825545171339563,límite de tiempo,1.3633799310457908,-1.8887560569633872
613,116240,458.2646048109952,238,0.050000000000000044,0.5601374570446735,límite de tiempo,1.3450970709323884,-1.327750168244044
614,116478,764.7122302158119,238,0.050000000000000044,0.8669064748201439,límite de tiempo,1.242803748886464,-1.0166383178557379
615,116716,447.8571428571282,238,0.050000000000000044,0.55,límite de tiempo,1.1452760150035222,-1.039635709921519
616,116794,-3.652233676975186,78,0.050000000000000044,0.13402061855670103,fuera del mapa,1.3466547445247048,-0.8460809180611059
617,117032,710.8252427184323,238,0.050000000000000044,0.8122977346278317,límite de tiempo,1.2899986580014229,-0.9732270422081153
618,117270,644.130434782596,238,0.050000000000000044,0.745819397993311,límite de tiempo,1.2671428231869715,-1.634291140457331
619,117508,236.14754098361115,238,0.050000000000000044,0.3377049180327869,límite de tiempo,1.248647423585256,-1.2372487261891365
620,117746,406.8587360594653,238,0.050000000000000044,0.5092936802973977,límite de tiempo,1.2392710083622043,-1.269542704194279
621,117925,257.8322580645114,179,0.050000000000000044,0.43548387096774194,fuera del mapa,1.4820749269591438,0.026089655028449163
622,118163,596.7562724014241,238,0.050000000000000044,0.6989247311827957,límite de tiempo,1.1955335059408414,-0.6691282613802765
623,118401,794.2857142856994,238,0.050000000000000044,0.8964285714285715,límite de tiempo,1.3916899263858795,-0.33955984488129615
624,118639,479.0181268882072,238,0.050000000000000044,0.5800604229607251,límite de tiempo,1.432084387641842,-0.3553804068242089
625,118877,528.4567901234471,238,0.050000000000000044,0.6296296296296297,límite de tiempo,1.3266585965951283,-1.3090286617477735
626,119115,717.70903010032,238,0.050000000000000044,0.8193979933110368,límite de tiempo,1.3326848947395713,-0.2845986018241462
627,119353,485.5243445692862,238,0.050000000000000044,0.5880149812734082,límite de tiempo,1.2435011605421702,-0.3333083416024844
628,119591,515.9215017064726,238,0.050000000000000044,0.6177474402730375,límite de tiempo,1.3640454795400976,0.23897759035482244
629,119829,336.50684931506675,238,0.050000000000000044,0.4383561643835616,límite de tiempo,1.2951110889514288,-0.8669538045922915
630,120067,477.5190839694588,238,0.050000000000000044,0.5801526717557252,límite de tiempo,1.428396071417857,-0.09887843010789257
631,120305,483.3972125435487,238,0.050000000000000044,0.5853658536585366,límite de tiempo,1.6447223355372746,0.06124480664730072
632,120543,529.5210727969264,238,0.050000000000000044,0.632183908045977,límite de tiempo,1.4397143095226612,-0.31391259421736506
633,120781,346.7808219177955,238,0.050000000000000044,0.4486301369863014,límite de tiempo,1.324950165549914,-0.3895371948679288
634,120997,283.853164556953,216,0.050000000000000044,0.37658227848101267,sin progreso,1.3791755040486653,-0.22889357805252075
635,121235,624.6261682242862,238,0.050000000000000044,0.7258566978193146,límite de tiempo,1.5061115400265839,-0.5556522612854585
636,121473,389.2767295597338,238,0.050000000000000044,0.49056603773584906,límite de tiempo,1.460815492272377,-0.342759108543396
637,121711,590.7142857142762,238,0.050000000000000044,0.692063492063492,límite de tiempo,1.5132823263184498,-0.5173265292482861
638,121949,779.5098039215526,238,0.050000000000000044,0.8823529411764706,límite de tiempo,1.5533444533745449,0.16453519314527512
639,122187,369.78873239435734,238,0.050000000000000044,0.47183098591549294,límite de tiempo,1.3823004546812026,-0.5459090867790125
640,122425,438.7837837837824,238,0.050000000000000044,0.5405405405405406,límite de tiempo,1.6292233099540074,0.061768541733423867
641,122663,184.36507936508374,238,0.050000000000000044,0.2857142857142857,límite de tiempo,1.7421614436779993,1.5024327640816317
642,122901,717.9770992366331,238,0.050000000000000044,0.8206106870229007,límite de tiempo,1.515779689947764,2.1607237294316293
643,123139,711.5573770491675,238,0.050000000000000044,0.8131147540983606,límite de tiempo,1.4744125306606293,1.4670203030109406
644,123377,437.14285714284335,238,0.050000000000000044,0.5392857142857143,límite de tiempo,1.3642318685849508,1.3745495160420735
645,123615,454.9999999999868,238,0.050000000000000044,0.5576923076923077,límite de tiempo,1.595716426938267,1.6172724548032729
646,123853,545.677966101682,238,0.050000000000000044,0.6474576271186441,límite de tiempo,1.691788872083028,2.1381882468859357
647,124091,588.2298136645813,238,0.050000000000000044,0.6894409937888198,límite de tiempo,1.5614013237468267,2.1005667215686734
648,124329,684.6052631578824,238,0.050000000000000044,0.7861842105263158,límite de tiempo,1.5693419684966405,1.6789138148228326
649,124567,673.1660899653882,238,0.050000000000000044,0.7750865051903114,límite de tiempo,1.3282801195726557,2.061597255832058
650,124805,514.1549295774532,238,0.050000000000000044,0.6161971830985915,límite de tiempo,1.6053459227085114,2.5097256749868393
651,125043,737.0610687022797,238,0.050000000000000044,0.8396946564885496,límite de tiempo,1.4837981553400976,2.452406347303067
652,125281,690.2112676056197,238,0.050000000000000044,0.7922535211267606,límite de tiempo,1.784168803691864,3.2812182436386745
653,125519,350.57823129250403,238,0.050000000000000044,0.4523809523809524,límite de tiempo,1.8527480596202914,3.085716995142274
654,125757,620.2777777777657,238,0.050000000000000044,0.7222222222222222,límite de tiempo,1.4642039527495703,2.824665183077256
655,125995,875.5882352941013,238,0.050000000000000044,0.9779411764705882,límite de tiempo,1.6894047310796834,2.8424825961306945
656,126233,543.0952380952306,238,0.050000000000000044,0.6444444444444445,límite de tiempo,1.4895513951778412,3.0916323870420457
657,126448,233.86531986531745,215,0.050000000000000044,0.3265993265993266,sin progreso,1.6192896244702515,2.91540566528285
658,126686,511.74157303369566,238,0.050000000000000044,0.6142322097378277,límite de tiempo,1.6203793590351687,3.5688995405779047
659,126924,675.1863354037147,238,0.050000000000000044,0.7763975155279503,límite de tiempo,1.597150269150734,2.754503389199575
660,127162,614.677419354826,238,0.050000000000000044,0.7168458781362007,límite de tiempo,1.6565513045100841,3.5042060148918024
661,127400,531.2626262626148,238,0.050000000000000044,0.632996632996633,límite de tiempo,1.5847348630428315,3.2455798601110777
662,127638,736.7460317460186,238,0.050000000000000044,0.8380952380952381,límite de tiempo,1.696281490689617,4.272234423685882
663,127876,510.26315789473426,238,0.050000000000000044,0.6118421052631579,límite de tiempo,1.7413619210322697,5.216388046741486
664,128114,738.3333333333215,238,0.050000000000000044,0.8397435897435898,límite de tiempo,1.7008597173933255,5.586741140838397
665,128352,662.1884984025436,238,0.050000000000000044,0.7635782747603834,límite de tiempo,1.6935254683097203,5.258413118124008
666,128590,631.9503546099182,238,0.050000000000000044,0.7340425531914894,límite de tiempo,1.9177679975154036,6.6546021896903795
667,128828,381.7441860465028,238,0.050000000000000044,0.48255813953488375,límite de tiempo,1.4438916991154354,5.975324024756749
668,129066,489.1584158415735,238,0.050000000000000044,0.5907590759075908,límite de tiempo,1.720658200272059,5.78322607783948
669,129304,248.49030470914138,238,0.050000000000000044,0.3490304709141274,límite de tiempo,1.5737910856803259,5.602560811241468
670,129542,685.4054054053905,238,0.050000000000000044,0.7871621621621622,límite de tiempo,1.6582533424183474,6.119036085524802
671,129780,686.6091954022864,238,0.050000000000000044,0.789272030651341,límite de tiempo,1.6982773621877034,6.430100551247596
672,130018,241.87943262410383,238,0.050000000000000044,0.34397163120567376,límite de tiempo,1.781965589119216,6.540765275389461
673,130256,841.5079365079253,238,0.050000000000000044,0.9444444444444444,límite de tiempo,1.9021646906932195,6.05871068239212
674,130494,760.072463768109,238,0.050000000000000044,0.8623188405797102,límite de tiempo,1.6879205582505565,6.591326577683627
675,130732,624.99999999999,238,0.050000000000000044,0.7261538461538461,límite de tiempo,1.7258385101954141,5.9539050678412115
676,130970,387.758620689641,238,0.050000000000000044,0.4896551724137931,límite de tiempo,1.7381497530613916,6.946213675757586
677,131158,917.5528301886727,188,0.050000000000000044,1.0,vuelta completa,1.8359810912862737,6.352311995435269
678,131396,854.0909090908951,238,0.050000000000000044,0.9563636363636364,límite de tiempo,1.8474890997012456,6.503510790069898
679,131634,756.145038167932,238,0.050000000000000044,0.8587786259541985,límite de tiempo,1.6821150729211711,6.521772206839868
680,131872,587.7309236947743,238,0.050000000000000044,0.6907630522088354,límite de tiempo,1.6776395171880722,6.485236146052679
681,132110,755.9933774834358,238,0.050000000000000044,0.8576158940397351,límite de tiempo,1.6249626359697116,5.440675877918632
682,132268,-13.932686084139533,158,0.050000000000000044,0.1553398058252427,fuera del mapa,1.7261612474918366,6.851318496465683
683,132506,655.819672131136,238,0.050000000000000044,0.7573770491803279,límite de tiempo,1.6113901512097504,6.192604297298496
684,132702,306.21538461537517,196,0.050000000000000044,0.3916083916083916,sin progreso,1.5398628492744602,6.712031104126755
685,132940,692.8787878787738,238,0.050000000000000044,0.7946127946127947,límite de tiempo,1.7913840979337692,7.508803067107995
686,133178,545.2877697841608,238,0.050000000000000044,0.6474820143884892,límite de tiempo,1.7620645367493064,7.4712751820936045
687,133319,36.76770186335448,141,0.050000000000000044,0.09937888198757763,sin progreso,1.7602139132363455,8.234512499400548
688,133557,766.702127659562,238,0.050000000000000044,0.8687943262411347,límite de tiempo,2.30248328546683,8.588142915566761
689,133795,632.6264591439564,238,0.050000000000000044,0.7354085603112841,límite de tiempo,1.810784632876768,7.5982586569705255
690,134033,741.4312267657875,238,0.050000000000000044,0.8438661710037175,límite de tiempo,1.6680827995141347,6.646751036246617
691,134148,26.949019607844917,115,0.050000000000000044,0.1803921568627451,fuera del mapa,1.7240836538117508,8.173033720460431
692,134386,633.2229965156663,238,0.050000000000000044,0.735191637630662,límite de tiempo,1.699832969297797,7.628391659865945
693,134624,241.63366336633055,238,0.050000000000000044,0.3432343234323432,límite de tiempo,1.8921408553918202,8.596452176570892
694,134862,321.38225255971815,238,0.050000000000000044,0.4232081911262799,límite de tiempo,1.8417782945148016,7.915855025841018
695,135006,4.89999999999953,144,0.050000000000000044,0.06944444444444445,sin progreso,1.6982560604810715,8.532746222284105
696,135244,462.1955719557096,238,0.050000000000000044,0.5645756457564576,límite de tiempo,1.9073268870512645,9.488198069731395
697,135482,478.28990228012265,238,0.050000000000000044,0.5798045602605864,límite de tiempo,2.1467087218316934,11.130856487710597
698,135720,594.1891891891764,238,0.050000000000000044,0.6959459459459459,límite de tiempo,2.1687004804611205,9.947210931777954
699,135958,477.95373665479224,238,0.050000000000000044,0.5800711743772242,límite de tiempo,1.9266071541834686,9.17432970111653
700,136196,250.1957295373587,238,0.050000000000000044,0.35231316725978645,límite de tiempo,1.9643925885359446,10.351730201641718
701,136434,610.8823529411613,238,0.050000000000000044,0.7124183006535948,límite de tiempo,1.864032175581334,9.403654623839815
702,136672,330.8555133079873,238,0.050000000000000044,0.43346007604562736,límite de tiempo,1.9508636474609375,9.111755311489105
703,136910,618.3105802047651,238,0.050000000000000044,0.7201365187713311,límite de tiempo,1.715991389953484,10.44877022807881
704,137086,102.43950617284244,176,0.050000000000000044,0.18106995884773663,sin progreso,1.5901419059796766,10.249709855426442
705,137324,784.8586572438071,238,0.050000000000000044,0.8869257950530035,límite de tiempo,1.92929527759552,10.257791002591452
706,137562,670.8862876254052,238,0.050000000000000044,0.7725752508361204,límite de tiempo,2.1165894482095364,10.087464108305463
707,137800,443.4615384615314,238,0.050000000000000044,0.5457875457875457,límite de tiempo,2.1600510716438293,11.714086318016053
708,138038,460.88235294116504,238,0.050000000000000044,0.5617647058823529,límite de tiempo,2.05595844175856,11.061742598727598
709,138183,-51.670886075949795,145,0.050000000000000044,0.012658227848101266,sin progreso,1.831089758210712,10.72127659784423
710,138421,624.9999999999852,238,0.050000000000000044,0.7272727272727273,límite de tiempo,1.8342666069666544,11.724468382199605
711,138659,390.62300319487986,238,0.050000000000000044,0.49201277955271566,límite de tiempo,1.8730397951804985,11.012727317163499
712,138897,360.1724137930951,238,0.050000000000000044,0.46206896551724136,límite de tiempo,1.8825339078903198,12.06651639441649
713,139135,738.3333333333226,238,0.050000000000000044,0.8409090909090909,límite de tiempo,1.8028470186863916,10.633692276679863
714,139373,336.7460317460287,238,0.050000000000000044,0.4380952380952381,límite de tiempo,1.798173110683759,11.830868808428447
715,139611,626.1895910780565,238,0.050000000000000044,0.7286245353159851,límite de tiempo,1.7482287661503937,12.047630358550508
716,139849,439.2960288808587,238,0.050000000000000044,0.5415162454873647,límite de tiempo,1.8562861422697703,11.271580772598584
717,140087,462.4912891985955,238,0.050000000000000044,0.5644599303135889,límite de tiempo,2.213945248369443,12.50319386336763
718,140325,491.66666666665725,238,0.050000000000000044,0.5933333333333334,límite de tiempo,2.108832284808159,13.802371080716451
719,140531,44.266666666669046,206,0.050000000000000044,0.13333333333333333,sin progreso,2.082624014686136,12.625459713094374
720,140769,495.76923076922094,238,0.050000000000000044,0.5969230769230769,límite de tiempo,1.9679633925358455,12.620127725601197
721,141007,456.36986301368836,238,0.050000000000000044,0.5582191780821918,límite de tiempo,2.106889383267548,14.028203673281912
722,141245,530.396825396817,238,0.050000000000000044,0.6317460317460317,límite de tiempo,2.099710344274839,12.802061541875203
723,141483,485.32786885244775,238,0.050000000000000044,0.5868852459016394,límite de tiempo,1.9436572315329212,13.034206317642989
724,141693,246.98591549294963,210,0.050000000000000044,0.3380281690140845,sin progreso,1.799591894419688,13.379327045296723
725,141931,537.352941176461,238,0.050000000000000044,0.6397058823529411,límite de tiempo,1.9907354783203641,14.049193810608427
726,142169,430.07374631267777,238,0.050000000000000044,0.5309734513274337,límite de tiempo,2.136581230163574,13.421389985084534
727,142407,615.5263157894609,238,0.050000000000000044,0.7171052631578947,límite de tiempo,2.0745706628944913,12.9761641712512
728,142645,323.0064308681542,238,0.050000000000000044,0.42443729903536975,límite de tiempo,1.918675070007642,15.231320563952128
729,142883,607.4539877300513,238,0.050000000000000044,0.7085889570552147,límite de tiempo,2.2405103707717635,15.322558863688323
730,143121,779.1496598639368,238,0.050000000000000044,0.8809523809523809,límite de tiempo,2.204462830225627,16.89888710975647
731,143359,767.0689655172317,238,0.050000000000000044,0.8697318007662835,límite de tiempo,2.157096089953083,16.260563543287375
732,143597,826.7687074829854,238,0.050000000000000044,0.9285714285714286,límite de tiempo,2.5301018098990125,15.40007288455963
733,143835,728.3333333333254,238,0.050000000000000044,0.83,límite de tiempo,2.16298868898618,15.844631176883892
734,144073,562.7946768060697,238,0.050000000000000044,0.6653992395437263,límite de tiempo,2.2731026073296863,16.387383906046548
735,144311,529.5614035087615,238,0.050000000000000044,0.631578947368421,límite de tiempo,1.880599927094023,16.601537377147352
736,144549,439.42622950818657,238,0.050000000000000044,0.5409836065573771,límite de tiempo,2.0576390882333118,16.897526097297668
737,144787,637.8767123287566,238,0.050000000000000044,0.7397260273972602,límite de tiempo,2.6959194833949462,16.9748788930602
738,145025,358.0201342281846,238,0.050000000000000044,0.4597315436241611,límite de tiempo,1.9420177539189656,17.851525624593098
739,145263,548.9628482972023,238,0.050000000000000044,0.6501547987616099,límite de tiempo,2.0435792935096613,18.364280926979195
740,145501,439.6534653465269,238,0.050000000000000044,0.5412541254125413,límite de tiempo,2.103639554977417,18.554446069399514
741,145739,284.0613718411583,238,0.050000000000000044,0.3862815884476534,límite de tiempo,2.3231322027869146,18.839779360819673
742,145977,431.3157894736761,238,0.050000000000000044,0.5333333333333333,límite de tiempo,2.260350520412127,19.089510456720987
743,146215,610.8823529411663,238,0.050000000000000044,0.71280276816609,límite de tiempo,2.043628838102696,19.51548228829594
744,146453,570.4411764705748,238,0.050000000000000044,0.6727941176470589,límite de tiempo,1.9928222785393397,17.62567817767461
745,146691,565.8996539792311,238,0.050000000000000044,0.6678200692041523,límite de tiempo,1.9565570556511314,18.709291724835413
746,146929,640.7142857142723,238,0.050000000000000044,0.7428571428571429,límite de tiempo,2.0035774926344554,18.86492330233256
747,147167,740.9374999999895,238,0.050000000000000044,0.84375,límite de tiempo,2.3342388524847517,19.180731223801434
748,147405,554.4845360824665,238,0.050000000000000044,0.6563573883161512,límite de tiempo,2.021051454544067,19.226678355534872
749,147603,180.1856655290135,198,0.050000000000000044,0.26621160409556316,sin progreso,2.5212310698567606,21.15356007400824
750,147841,359.18326693226334,238,0.050000000000000044,0.46215139442231074,límite de tiempo,2.149265068769455,20.335724449157716
751,148079,530.7861635219981,238,0.050000000000000044,0.6320754716981132,límite de tiempo,2.1246816121925742,21.533719822511834
752,148317,727.5255972696082,238,0.050000000000000044,0.8293515358361775,límite de tiempo,2.4309665431578953,20.61453808148702
753,148555,750.6140350877033,238,0.050000000000000044,0.8526315789473684,límite de tiempo,2.0579002913782154,20.299296944828356
754,148793,396.71270718231256,238,0.050000000000000044,0.4972375690607735,límite de tiempo,2.17968869805336,21.958537673950197
755,149031,655.9727626459094,238,0.050000000000000044,0.7587548638132295,límite de tiempo,1.9982145580194763,22.006202342146533
756,149269,633.2608695652099,238,0.050000000000000044,0.7355072463768116,límite de tiempo,2.3275101741154987,20.88032563527425
757,149507,524.2052980132357,238,0.050000000000000044,0.6258278145695364,límite de tiempo,2.1500026230084694,21.348790516287593
758,149745,764.154929577449,238,0.050000000000000044,0.8661971830985915,límite de tiempo,1.9541068732738496,20.541618871688843
759,149983,457.63157894735446,238,0.050000000000000044,0.5676691729323309,límite de tiempo,2.356053944361412,21.568850808224436
760,150221,488.33333333332683,238,0.050000000000000044,0.5902777777777778,límite de tiempo,2.4669549385706584,24.251726579666137
761,150459,554.6062992125877,238,0.050000000000000044,0.65748031496063,límite de tiempo,2.3212516610905274,24.882060616703356
762,150697,487.82208588956007,238,0.050000000000000044,0.588957055214724,límite de tiempo,2.2464063594738644,24.348102378845216
763,150935,628.4042553191388,238,0.050000000000000044,0.7304964539007093,límite de tiempo,2.355817380598036,25.435681844161728
764,151173,652.5728155339675,238,0.050000000000000044,0.7540453074433657,límite de tiempo,2.2359453956286113,24.63782523473104
765,151411,453.5074626865519,238,0.050000000000000044,0.5559701492537313,límite de tiempo,2.4800748501793812,26.024049694255247
766,151649,381.9736842105141,238,0.050000000000000044,0.48355263157894735,límite de tiempo,2.0881448884805045,24.767920796076456
767,151887,439.72222222221234,238,0.050000000000000044,0.5416666666666666,límite de tiempo,2.2767610711566473,25.318819902710995
768,152125,667.0817843866064,238,0.050000000000000044,0.7695167286245354,límite de tiempo,2.230594356854757,25.381617546081543
769,152363,598.4306569343009,238,0.050000000000000044,0.7007299270072993,límite de tiempo,2.268209102800337,25.83420003470728
770,152601,627.021660649808,238,0.050000000000000044,0.7292418772563177,límite de tiempo,2.2327187061309814,26.08259545962016
771,152839,220.95092024540187,238,0.050000000000000044,0.3220858895705521,límite de tiempo,2.419179976996729,27.128903001041735
772,153077,516.5107913668962,238,0.050000000000000044,0.6187050359712231,límite de tiempo,2.302445622285207,27.58797729810079
773,153315,422.6848874598036,238,0.050000000000000044,0.5241157556270096,límite de tiempo,2.3902053105629095,28.270694603354244
774,153553,467.93706293705617,238,0.050000000000000044,0.5699300699300699,límite de tiempo,2.3787345429261526,27.568659369150797
775,153791,488.03886925794546,238,0.050000000000000044,0.5901060070671378,límite de tiempo,2.2604310330698048,29.218552476268705
776,154029,404.99999999998784,238,0.050000000000000044,0.5063694267515924,límite de tiempo,2.125652261575063,28.65810489654541
777,154267,277.61146496814666,238,0.050000000000000044,0.37898089171974525,límite de tiempo,2.3066628403582814,29.05214830172264
778,154505,525.2090592334422,238,0.050000000000000044,0.627177700348432,límite de tiempo,2.421398170789083,27.548445828755696
779,154701,191.62967359050802,196,0.050000000000000044,0.27596439169139464,sin progreso,2.5853262701813056,28.963939082865814
780,154939,453.275862068955,238,0.050000000000000044,0.5551724137931034,límite de tiempo,2.344838845527778,28.39317830942445
781,155177,509.9822064056815,238,0.050000000000000044,0.6120996441281139,límite de tiempo,2.4879031598567964,28.481785774230957
782,155415,460.2147239263692,238,0.050000000000000044,0.5613496932515337,límite de tiempo,2.8668863530886375,28.0379319756718
783,155653,551.4968152866111,238,0.050000000000000044,0.6528662420382165,límite de tiempo,2.195020918051402,28.847353967030845
784,155891,670.5786350148261,238,0.050000000000000044,0.771513353115727,límite de tiempo,2.3953998957650136,28.488709223472465
785,156129,417.19512195121024,238,0.050000000000000044,0.519163763066202,límite de tiempo,2.5552441358566282,29.530323378245036
786,156367,290.13513513513243,238,0.050000000000000044,0.3918918918918919,límite de tiempo,2.395324147353738,29.960957058405473
787,156605,414.8684210526228,238,0.050000000000000044,0.5164473684210527,límite de tiempo,2.5603381137053174,28.68433322906494
788,156843,562.3426573426482,238,0.050000000000000044,0.6643356643356644,límite de tiempo,2.3557038973953763,30.123270891480527
789,157081,285.5031446540853,238,0.050000000000000044,0.3867924528301887,límite de tiempo,2.4283331533273063,29.070622062683107
790,157319,279.0157480314831,238,0.050000000000000044,0.38188976377952755,límite de tiempo,2.497541274054576,28.38937769097797
791,157557,579.8251748251635,238,0.050000000000000044,0.6818181818181818,límite de tiempo,2.5889227390289307,31.745185979207356
792,157795,417.36749116606904,238,0.050000000000000044,0.519434628975265,límite de tiempo,2.791661468602843,32.37392034369
793,158033,478.9436619718193,238,0.050000000000000044,0.5809859154929577,límite de tiempo,2.7163356145222983,32.40622075398763
794,158182,66.7940520446122,149,0.050000000000000044,0.13382899628252787,sin progreso,2.5135358475350045,32.51298164676975
795,158420,312.05128205128426,238,0.050000000000000044,0.41346153846153844,límite de tiempo,2.500463616847992,30.08511927922567
796,158658,389.4290657439386,238,0.050000000000000044,0.4913494809688581,límite de tiempo,2.524312346668567,31.88146419848426
797,158801,42.80000000000102,143,0.050000000000000044,0.10689655172413794,sin progreso,2.6940467390749188,31.26846604877048
798,159039,510.8631921824067,238,0.050000000000000044,0.6123778501628665,límite de tiempo,2.607603362051107,31.97371933823925
799,159277,384.6238244514022,238,0.050000000000000044,0.48589341692789967,límite de tiempo,2.7216847638289132,32.35548105239868
800,159515,476.9298245613977,238,0.050000000000000044,0.5789473684210527,límite de tiempo,2.8557982222508578,30.827399043713587
801,159753,427.15189873417216,238,0.050000000000000044,0.5284810126582279,límite de tiempo,2.6051373362541197,32.50135663350423
802,159922,-9.505263157891832,169,0.050000000000000044,0.16447368421052633,fuera del mapa,2.587489133789426,31.42353430248442
803,160160,606.5503875968936,238,0.050000000000000044,0.7093023255813954,límite de tiempo,2.784437612692515,33.11025447845459
804,160398,326.0526315789441,238,0.050000000000000044,0.4276315789473684,límite de tiempo,2.627642552731401,32.63698080030538
805,160636,686.6901408450581,238,0.050000000000000044,0.7887323943661971,límite de tiempo,2.7258176803588867,32.35519132614136
806,160874,394.3617021276562,238,0.050000000000000044,0.49645390070921985,límite de tiempo,2.956543552673469,32.61124588271319
807,161112,416.70568561872363,238,0.050000000000000044,0.5183946488294314,límite de tiempo,2.8659146507581075,32.33008178075155
808,161350,375.05988023951306,238,0.050000000000000044,0.47604790419161674,límite de tiempo,2.9017093969603716,33.95666633218022
809,161588,503.7261146496691,238,0.050000000000000044,0.6050955414012739,límite de tiempo,2.808187747001648,33.67212629318237
810,161826,326.7687074829874,238,0.050000000000000044,0.42857142857142855,límite de tiempo,2.673650571855448,32.82075752646236
811,162064,611.093189964148,238,0.050000000000000044,0.7132616487455197,límite de tiempo,2.567717734972636,33.94758647282918
812,162302,480.4385964912183,238,0.050000000000000044,0.5824561403508772,límite de tiempo,2.6720752736269415,33.52873776322704
813,162490,160.4495468277979,188,0.050000000000000044,0.24169184290030213,sin progreso,2.788844037563243,33.451203244797725
814,162728,537.8671328671251,238,0.050000000000000044,0.6398601398601399,límite de tiempo,3.0636929750442503,34.329846731821696
815,162966,553.2758620689561,238,0.050000000000000044,0.6551724137931034,límite de tiempo,2.8340811891070867,35.07124525813733
816,163179,207.90344827586568,213,0.050000000000000044,0.3,sin progreso,3.057133251765989,34.139086057555
817,163417,488.3333333333255,238,0.050000000000000044,0.5905797101449275,límite de tiempo,2.5634290754795073,35.55297791163127
818,163655,471.22516556290765,238,0.050000000000000044,0.5728476821192053,límite de tiempo,2.6644191115589466,34.41398892160189
819,163893,822.491749174908,238,0.050000000000000044,0.9240924092409241,límite de tiempo,2.5345613022645312,33.736145401000975
820,164131,517.3076923076837,238,0.050000000000000044,0.6184615384615385,límite de tiempo,2.869178406262802,34.91848871263407
821,164369,509.50160771703395,238,0.050000000000000044,0.6109324758842444,límite de tiempo,2.91022275686264,35.75684690475464
822,164607,832.2151898734102,238,0.050000000000000044,0.9335443037974683,límite de tiempo,2.537392495042187,35.54800230769788
823,164845,659.385964912265,238,0.050000000000000044,0.7614035087719299,límite de tiempo,2.49738480647405,34.876238854726154
824,165083,507.0066889632018,238,0.050000000000000044,0.6086956521739131,límite de tiempo,2.754847322480153,35.89666321318028
825,165321,550.161290322568,238,0.050000000000000044,0.6523297491039427,límite de tiempo,2.55537789662679,37.447612285614014
826,165559,576.328671328662,238,0.050000000000000044,0.6783216783216783,límite de tiempo,2.946485438589322,38.37991653054448
827,165797,471.6666666666611,238,0.050000000000000044,0.5733333333333334,límite de tiempo,2.661151925722758,37.897680854797365
828,166035,714.9999999999894,238,0.050000000000000044,0.8166666666666667,límite de tiempo,2.5978535494561923,37.0023771706274
829,166273,703.4790874524593,238,0.050000000000000044,0.8060836501901141,límite de tiempo,2.8635791579882306,36.135495853424075
830,166511,662.0850202429056,238,0.050000000000000044,0.7651821862348178,límite de tiempo,2.807447944657277,38.30282172510179
831,166749,397.85714285713044,238,0.050000000000000044,0.5,límite de tiempo,2.988148738940557,38.76119648615519
832,166987,409.95049504950146,238,0.050000000000000044,0.5115511551155115,límite de tiempo,2.7279385833416954,37.21983043218063
833,167225,378.01587301586716,238,0.050000000000000044,0.4793650793650794,límite de tiempo,2.475472390651703,38.83730459213257
834,167463,364.0163934426187,238,0.050000000000000044,0.46557377049180326,límite de tiempo,2.567492953801559,39.205186746888245
835,167630,33.20000000000052,167,0.050000000000000044,0.10571428571428572,sin progreso,2.5870058791978017,39.132876214526945
836,167868,879.8201438848777,238,0.050000000000000044,0.9820143884892086,límite de tiempo,2.5777923305829367,38.130030981699626
837,168106,576.3286713286593,238,0.050000000000000044,0.6783216783216783,límite de tiempo,2.7616564803204295,39.3131087674933
838,168344,507.69360269359214,238,0.050000000000000044,0.6094276094276094,límite de tiempo,2.915747038523356,39.06789553960164
839,168582,438.3333333333235,238,0.050000000000000044,0.5403508771929825,límite de tiempo,2.8602973546011974,39.64358271582652
840,168820,532.4509803921476,238,0.050000000000000044,0.6339869281045751,límite de tiempo,2.458572945992152,40.40139306386312
841,169058,819.9659863945492,238,0.050000000000000044,0.9217687074829932,límite de tiempo,2.5474309315115717,39.936467186879305
842,169296,310.1446945337631,238,0.050000000000000044,0.4115755627009646,límite de tiempo,2.7430871804555257,39.1006511370341
843,169534,881.8339768339624,238,0.050000000000000044,0.9845559845559846,límite de tiempo,2.729261590262591,39.666075916613565
844,169772,388.67952522254785,238,0.050000000000000044,0.4896142433234421,límite de tiempo,2.8497206727663675,39.37263215382894
845,170010,453.7364620938505,238,0.050000000000000044,0.555956678700361,límite de tiempo,2.6663127046520425,40.07982018034337
846,170248,318.69047619047416,238,0.050000000000000044,0.41964285714285715,límite de tiempo,2.717906600236893,42.87871452967326
847,170486,480.07987220446716,238,0.050000000000000044,0.5814696485623003,límite de tiempo,2.6962723186460593,41.880734459828524
848,170724,481.0517799352707,238,0.050000000000000044,0.5825242718446602,límite de tiempo,2.9264249583085378,41.66947968800863
849,170962,434.032258064507,238,0.050000000000000044,0.535483870967742,límite de tiempo,2.5924213053816456,41.347939475108
850,171200,844.8496240601332,238,0.050000000000000044,0.9473684210526315,límite de tiempo,2.535325441757838,41.82418365478516
851,171438,331.62116040955254,238,0.050000000000000044,0.4334470989761092,límite de tiempo,2.8147618912034114,42.74543102716996
852,171676,615.2473498233095,238,0.050000000000000044,0.7173144876325088,límite de tiempo,3.1107960601647693,43.025520674387614
853,171914,413.833922261482,238,0.050000000000000044,0.5159010600706714,límite de tiempo,3.1108109567124966,42.15861242908542
854,172152,532.2401433691707,238,0.050000000000000044,0.6344086021505376,límite de tiempo,2.925091787179311,42.50203873316447
855,172390,261.7251461988335,238,0.050000000000000044,0.36257309941520466,límite de tiempo,2.7188809019024087,44.54745625641387
856,172628,464.4855305466163,238,0.050000000000000044,0.5659163987138264,límite de tiempo,2.6667921702067057,44.01157722473145
857,172866,345.78947368420665,238,0.050000000000000044,0.4473684210526316,límite de tiempo,2.435433062456422,45.34316062927246
858,173104,329.4604316546742,238,0.050000000000000044,0.4316546762589928,límite de tiempo,2.602497442563375,44.5790065129598
859,173342,878.1800766283454,238,0.050000000000000044,0.9808429118773946,límite de tiempo,2.6215085053848006,44.6065596241062
860,173580,508.33333333332143,238,0.050000000000000044,0.61,límite de tiempo,2.7655345936616262,45.11836217244466
861,173818,313.09968847351547,238,0.050000000000000044,0.4143302180685358,límite de tiempo,2.649601146326227,46.32920876195875
862,174056,587.4817518248068,238,0.050000000000000044,0.6897810218978102,límite de tiempo,2.574679470062256,45.29635168711344
863,174294,60.932203389831294,238,0.050000000000000044,0.16271186440677965,límite de tiempo,2.54847442699691,45.90286241951635
864,174532,542.4045801526596,238,0.050000000000000044,0.6450381679389313,límite de tiempo,2.7829284171263375,44.854715474446614
865,174770,568.8655462184805,238,0.050000000000000044,0.6722689075630253,límite de tiempo,2.8146126027834617,46.304942632125595
866,175008,344.9999999999904,238,0.050000000000000044,0.44666666666666666,límite de tiempo,2.88983740011851,46.391380373636885
867,175246,150.61403508772094,238,0.050000000000000044,0.25263157894736843,límite de tiempo,3.266522692421735,47.52931219844495
868,175484,204.0654205607521,238,0.050000000000000044,0.3052959501557632,límite de tiempo,2.8581420838832856,46.35495421091716
869,175722,581.2589928057415,238,0.050000000000000044,0.6834532374100719,límite de tiempo,2.8454453500650696,47.880520578158105
870,175960,383.4053156146121,238,0.050000000000000044,0.4850498338870432,límite de tiempo,2.938793077071508,46.96518217722575
871,176198,425.63492063491435,238,0.050000000000000044,0.526984126984127,límite de tiempo,2.8066540451373085,47.72912594423456
872,176436,412.93650793650204,238,0.050000000000000044,0.5142857142857142,límite de tiempo,2.607290788491567,47.784989802042645
873,176654,238.88695652173453,218,0.050000000000000044,0.33229813664596275,sin progreso,2.692517775076407,46.31353830408167
874,176892,411.0240963855365,238,0.050000000000000044,0.5120481927710844,límite de tiempo,2.8176276783148446,48.1873436609904
875,177130,556.8518518518424,238,0.050000000000000044,0.6592592592592592,límite de tiempo,2.8033786466566184,46.35855083142297
876,177368,495.4059040590331,238,0.050000000000000044,0.5977859778597786,límite de tiempo,2.7783565640449526,46.37936986287435
877,177606,544.7058823529334,238,0.050000000000000044,0.6470588235294118,límite de tiempo,2.518580820600865,48.62814654334117
878,177844,456.72413793102413,238,0.050000000000000044,0.5593869731800766,límite de tiempo,2.5402611712614696,46.82734889984131
879,178082,380.6554307116078,238,0.050000000000000044,0.48314606741573035,límite de tiempo,2.3794774786900668,47.19842994819253
880,178320,644.4366197183002,238,0.050000000000000044,0.7464788732394366,límite de tiempo,2.512687420845032,47.626452382405596
881,178558,226.4285714285761,238,0.050000000000000044,0.32792207792207795,límite de tiempo,2.5184575885029163,47.73367122068243
882,178796,221.4983164983215,238,0.050000000000000044,0.32323232323232326,límite de tiempo,2.5520000219345094,48.020658302307126
883,179034,860.8823529411601,238,0.050000000000000044,0.9632352941176471,límite de tiempo,2.7005376896615756,47.61544088589943
884,179272,387.14285714284483,238,0.050000000000000044,0.48928571428571427,límite de tiempo,2.604297963778178,46.46996529897054
885,179510,345.677966101693,238,0.050000000000000044,0.44745762711864406,límite de tiempo,2.45314258842145,48.73800794957048
886,179665,48.7142857142873,155,0.050000000000000044,0.11785714285714285,sin progreso,2.420032030496842,49.87059177496494
887,179903,66.29032258064974,238,0.050000000000000044,0.16845878136200718,límite de tiempo,2.5503473483909995,48.29245738659875
888,180141,430.7731958762817,238,0.050000000000000044,0.5326460481099656,límite de tiempo,2.674274096886317,49.34729569753011
889,180379,463.4905660377255,238,0.050000000000000044,0.5660377358490566,límite de tiempo,2.698091032141346,50.795579166735635
890,180617,572.8571428571299,238,0.050000000000000044,0.675,límite de tiempo,2.500619226694107,50.20176423390706
891,180855,414.0252707581162,238,0.050000000000000044,0.516245487364621,límite de tiempo,2.8422188880079884,48.491582967467224
892,181093,257.5835866261362,238,0.050000000000000044,0.3586626139817629,límite de tiempo,2.431635391712189,50.41624031066895
893,181331,284.1946308724855,238,0.050000000000000044,0.3859060402684564,límite de tiempo,2.563854110442986,50.93341012728416
894,181569,780.4863813229483,238,0.050000000000000044,0.8832684824902723,límite de tiempo,2.5271730621655784,50.52912877400716
895,181807,595.839694656484,238,0.050000000000000044,0.6984732824427481,límite de tiempo,2.5072528366315163,50.3339135121491
896,182000,41.68111888112024,193,0.050000000000000044,0.1258741258741259,sin progreso,2.3843764650578403,49.5389303090621
897,182238,342.8881987577606,238,0.050000000000000044,0.4440993788819876,límite de tiempo,2.5125568458589456,49.88150017948474
898,182476,366.847389558229,238,0.050000000000000044,0.46987951807228917,límite de tiempo,2.4433038075764975,50.071668752034505
899,182714,448.5540069686302,238,0.050000000000000044,0.5505226480836237,límite de tiempo,2.593650553186061,51.22679332151251
900,182952,622.7419354838594,238,0.050000000000000044,0.7258064516129032,límite de tiempo,2.642057663202286,53.264038530985516
901,183190,342.93103448275156,238,0.050000000000000044,0.44482758620689655,límite de tiempo,3.023546327978878,51.65260967965853
902,183428,302.4763406940081,238,0.050000000000000044,0.4037854889589905,límite de tiempo,2.739288459221522,50.42892322540283
903,183666,208.70370370370833,238,0.050000000000000044,0.3111111111111111,límite de tiempo,2.7049004263797047,51.99205469681045
904,183904,66.87050359712684,238,0.050000000000000044,0.16906474820143885,límite de tiempo,2.8608864804108936,52.09085655212402
905,184142,617.1771217712085,238,0.050000000000000044,0.7195571955719557,límite de tiempo,2.508899268457445,51.71701069201453
906,184380,506.2269938650227,238,0.050000000000000044,0.6073619631901841,límite de tiempo,2.661949167648951,52.81063594818115
907,184618,475.4697986577106,238,0.050000000000000044,0.5771812080536913,límite de tiempo,2.529574751853943,52.50628506935249
908,184856,362.05521472391774,238,0.050000000000000044,0.46319018404907975,límite de tiempo,2.573996688922246,53.08443915049235
909,185094,465.1374570446727,238,0.050000000000000044,0.5670103092783505,límite de tiempo,2.6304692918971435,52.86176739708852
910,185332,255.6097560975658,238,0.050000000000000044,0.3567073170731707,límite de tiempo,2.7172232627868653,54.44717807769776
911,185570,327.5352112676057,238,0.050000000000000044,0.4295774647887324,límite de tiempo,2.726885442006386,54.13888737306757
912,185764,100.97142857143211,194,0.050000000000000044,0.18571428571428572,sin progreso,2.840426038722603,55.12718169543208
913,186002,483.94736842104464,238,0.050000000000000044,0.5855263157894737,límite de tiempo,2.643964551262936,55.4394892676402
914,186240,71.06498194946272,238,0.050000000000000044,0.17328519855595667,límite de tiempo,2.6430742104848224,54.58195476531982
915,186478,192.44939271255552,238,0.050000000000000044,0.29554655870445345,límite de tiempo,2.4688176724870328,55.70376289496988
916,186716,353.387096774188,238,0.050000000000000044,0.45483870967741935,límite de tiempo,2.5871462523937225,55.846641031901044
917,186954,306.2944983818742,238,0.050000000000000044,0.4077669902912621,límite de tiempo,2.499457811905166,55.45725017482952
918,187192,162.5250836120415,238,0.050000000000000044,0.26421404682274247,límite de tiempo,2.6172504127025604,56.4157906850179
919,187331,47.341176470589616,139,0.050000000000000044,0.11029411764705882,sin progreso,2.7458467343274284,55.324389065013214
920,187569,594.045936395751,238,0.050000000000000044,0.696113074204947,límite de tiempo,2.6545428156852724,55.28707644144694
921,187807,283.54889589905565,238,0.050000000000000044,0.38485804416403785,límite de tiempo,2.9770891019853494,59.04889025930631
922,188045,352.01986754966697,238,0.050000000000000044,0.45364238410596025,límite de tiempo,2.636019398768743,59.012946891784665
923,188283,255.93167701863615,238,0.050000000000000044,0.35714285714285715,límite de tiempo,2.8094681804463013,59.205466383594576
924,188521,437.84671532846073,238,0.050000000000000044,0.5401459854014599,límite de tiempo,2.5000677585601805,58.44027156829834
925,188621,-40.00000000000027,100,0.050000000000000044,0.007575757575757576,sin progreso,2.44489230632782,58.74910140991211
926,188859,418.30798479086957,238,0.050000000000000044,0.5209125475285171,límite de tiempo,2.728720533645759,57.65085841033418
927,189097,497.06798866854473,238,0.050000000000000044,0.5977337110481586,límite de tiempo,2.8805472870667774,58.4719274520874
928,189335,277.2222222222232,238,0.050000000000000044,0.37777777777777777,límite de tiempo,2.599684729414471,57.666927014367054
929,189573,404.9999999999924,238,0.050000000000000044,0.5074626865671642,límite de tiempo,2.584936006863912,58.49052066802979
930,189811,197.06349206349338,238,0.050000000000000044,0.2984126984126984,límite de tiempo,3.027684062214221,58.418150497695144
931,190049,322.7215189873432,238,0.050000000000000044,0.4240506329113924,límite de tiempo,2.477233956257502,59.55541172027588
932,190287,548.8356164383481,238,0.050000000000000044,0.6506849315068494,límite de tiempo,2.5327630447129073,62.05970550795733
933,190525,515.1083032490895,238,0.050000000000000044,0.6173285198555957,límite de tiempo,2.6524964570999146,62.361259841918944
934,190763,349.44444444443855,238,0.050000000000000044,0.4521072796934866,límite de tiempo,2.519267407514281,63.243227942515226
935,191001,302.2125435540024,238,0.050000000000000044,0.40418118466898956,límite de tiempo,2.7952763040860495,62.784210777282716
936,191239,204.68454258675192,238,0.050000000000000044,0.305993690851735,límite de tiempo,2.8554197691254695,62.67058420989473
937,191477,408.3557046979789,238,0.050000000000000044,0.5100671140939598,límite de tiempo,2.399532840649287,62.217087745666504
938,191715,287.9787234042585,238,0.050000000000000044,0.3900709219858156,límite de tiempo,2.688421015012062,62.883725505764204
939,191953,603.1132075471569,238,0.050000000000000044,0.7056603773584905,límite de tiempo,2.7531273007392882,62.334669748942055
940,192191,638.7883959044213,238,0.050000000000000044,0.7406143344709898,límite de tiempo,2.8174229233951893,62.43554849139715
941,192429,449.6153846153769,238,0.050000000000000044,0.5507692307692308,límite de tiempo,2.5237722833951315,62.443046696980794
942,192667,543.9776357827363,238,0.050000000000000044,0.645367412140575,límite de tiempo,2.711561116121583,63.977191989704714
943,192905,376.01449275361813,238,0.050000000000000044,0.4782608695652174,límite de tiempo,3.02045814593633,65.28968022664388
944,193143,474.8924731182684,238,0.050000000000000044,0.5770609318996416,límite de tiempo,2.6562961582410134,64.88606417381158
945,193381,659.3859649122658,238,0.050000000000000044,0.7614035087719299,límite de tiempo,2.769166507323583,64.71729380289713
946,193619,253.92086330934603,238,0.050000000000000044,0.35611510791366907,límite de tiempo,3.0318168805817427,65.36013050402624
947,193857,477.5190839694569,238,0.050000000000000044,0.5801526717557252,límite de tiempo,3.1528418262799582,64.04042154947916
948,194095,406.7921146953357,238,0.050000000000000044,0.5089605734767025,límite de tiempo,2.9153139813471647,65.10052457906433
949,194333,365.7843137254796,238,0.050000000000000044,0.4673202614379085,límite de tiempo,3.00865478515625,65.0846019744873
950,194571,374.9248120300671,238,0.050000000000000044,0.4774436090225564,límite de tiempo,2.9297760300717113,64.24341563855188
951,194809,226.31147540984017,238,0.050000000000000044,0.32786885245901637,límite de tiempo,2.9156019032001494,65.47903340657552
952,195047,511.16438356163565,238,0.050000000000000044,0.613013698630137,límite de tiempo,2.887609497975495,65.90655077918102
953,195285,523.7050359712122,238,0.050000000000000044,0.6258992805755396,límite de tiempo,2.9474427858988443,67.4756404876709
954,195523,358.98773006133797,238,0.050000000000000044,0.4601226993865031,límite de tiempo,3.0427411814867438,67.39029105234954
955,195761,360.7823129251634,238,0.050000000000000044,0.46258503401360546,límite de tiempo,2.8509109874566394,68.70969181060791
956,195999,689.9056603773499,238,0.050000000000000044,0.7924528301886793,límite de tiempo,2.98702456587452,68.7210007360426
957,196237,454.64539007091463,238,0.050000000000000044,0.5567375886524822,límite de tiempo,2.900947842995326,68.07507902781168
958,196475,621.723549488039,238,0.050000000000000044,0.7235494880546075,límite de tiempo,2.660810826188427,68.93971853741145
959,196713,435.90909090908565,238,0.050000000000000044,0.5381818181818182,límite de tiempo,2.7444952646891276,69.00766741434732
960,196951,546.8918918918808,238,0.050000000000000044,0.6486486486486487,límite de tiempo,2.870291778596781,68.69156084222308
961,197189,807.0408163265167,238,0.050000000000000044,0.9102040816326531,límite de tiempo,2.71229656736056,68.27708905537924
962,197427,879.2647058823363,238,0.050000000000000044,0.9816176470588235,límite de tiempo,2.581027136010639,67.84093113268835
963,197665,527.4188790560405,238,0.050000000000000044,0.6283185840707964,límite de tiempo,2.63586767911911,70.08505948384602
964,197903,494.28571428570535,238,0.050000000000000044,0.5964285714285714,límite de tiempo,2.7868751731969543,70.41868209838867
965,198141,691.82170542635,238,0.050000000000000044,0.7945736434108527,límite de tiempo,3.366920546690623,71.04243189493815
966,198379,513.8328075709692,238,0.050000000000000044,0.6151419558359621,límite de tiempo,2.888794634301784,70.01925769094693
967,198617,592.499999999993,238,0.050000000000000044,0.694078947368421,límite de tiempo,2.617714269955953,70.2664726893107
968,198855,701.4285714285573,238,0.050000000000000044,0.8035714285714286,límite de tiempo,2.6619183390827503,70.56709089117535
969,199093,643.6363636363542,238,0.050000000000000044,0.7462121212121212,límite de tiempo,3.094344739119212,70.19328753153484
970,199331,676.8631178707078,238,0.050000000000000044,0.779467680608365,límite de tiempo,3.064714207487591,71.45013162645243
971,199569,673.9655172413654,238,0.050000000000000044,0.7758620689655172,límite de tiempo,2.513233866294225,70.97526315053304
972,199807,390.9813084112091,238,0.050000000000000044,0.49221183800623053,límite de tiempo,2.9320243031291637,70.44526019338834
973,200045,657.5083612040045,238,0.050000000000000044,0.7591973244147158,límite de tiempo,2.6195609231789905,71.58175156911214
974,200283,504.2907801418396,238,0.050000000000000044,0.6063829787234043,límite de tiempo,2.656012535095215,72.38913720341053
975,200521,771.1971830985768,238,0.050000000000000044,0.8732394366197183,límite de tiempo,2.836725886662801,72.40763765970866
976,200759,582.5362318840489,238,0.050000000000000044,0.6847826086956522,límite de tiempo,2.7080461797067676,71.87563511476678
977,200997,799.3089430894229,238,0.050000000000000044,0.9024390243902439,límite de tiempo,2.832685265938441,71.20049209594727
978,201235,523.243243243236,238,0.050000000000000044,0.625,límite de tiempo,3.164018012709537,71.41483390937417
979,201473,229.15902140673126,238,0.050000000000000044,0.3302752293577982,límite de tiempo,2.5963720460732778,71.22920125325521
980,201573,-40.000000000000284,100,0.050000000000000044,0.0064516129032258064,sin progreso,3.0785635566711425,71.13363754272461
981,201811,497.7152317880732,238,0.050000000000000044,0.5993377483443708,límite de tiempo,2.8684849092515847,72.26898354999089
982,202049,696.3385826771589,238,0.050000000000000044,0.7992125984251969,límite de tiempo,2.830271069208781,71.70627015431722
983,202287,455.1618122977303,238,0.050000000000000044,0.5566343042071198,límite de tiempo,3.0025658082153837,72.03639363434355
984,202525,544.4557823129162,238,0.050000000000000044,0.6462585034013606,límite de tiempo,2.8362498700618746,71.96166534423828
985,202763,500.89041095889877,238,0.050000000000000044,0.6027397260273972,límite de tiempo,2.7694665880526528,74.35254695051808
986,203001,549.9511400651363,238,0.050000000000000044,0.6514657980456026,límite de tiempo,2.9348142981529235,73.43097737630208
987,203239,422.24137931033624,238,0.050000000000000044,0.5241379310344828,límite de tiempo,2.5122605824874618,75.25329227770789
988,203477,600.4887218045004,238,0.050000000000000044,0.7030075187969925,límite de tiempo,2.979352162281672,73.51745465596517
989,203715,319.0127388535023,238,0.050000000000000044,0.42038216560509556,límite de tiempo,2.734706003787154,75.02783675112967
990,203953,601.7509025270692,238,0.050000000000000044,0.703971119133574,límite de tiempo,2.7657884577910106,73.6559040705363
991,204191,304.9999999999958,238,0.050000000000000044,0.4066666666666667,límite de tiempo,2.8383318488880738,75.4989287812831
992,204429,487.7586206896441,238,0.050000000000000044,0.5896551724137931,límite de tiempo,2.6551122923692065,74.6921396891276
993,204667,762.7075098814154,238,0.050000000000000044,0.8656126482213439,límite de tiempo,2.907115097773277,73.43360092680334
994,204905,542.4999999999914,238,0.050000000000000044,0.64375,límite de tiempo,2.5866048594315845,74.74546852111817
995,205143,460.55555555554326,238,0.050000000000000044,0.5625,límite de tiempo,3.0354086382914396,76.49315669172901
996,205381,401.29629629629324,238,0.050000000000000044,0.5037037037037037,límite de tiempo,2.954014990727107,78.20457865397135
997,205559,51.666894197954036,178,0.050000000000000044,0.1296928327645051,sin progreso,2.907508671283722,78.06470524181019
998,205797,499.0594059405862,238,0.050000000000000044,0.6006600660066007,límite de tiempo,2.6503208756446837,77.66206245422363
999,206035,810.109489051079,238,0.050000000000000044,0.9124087591240876,límite de tiempo,3.0198513532088973,78.48159686589645
1000,206273,283.83959044368555,238,0.050000000000000044,0.3856655290102389,límite de tiempo,2.8674584845701854,78.09429562886557
1001,206490,234.99930795847442,217,0.050000000000000044,0.328719723183391,sin progreso,2.789184574727659,78.04980497007017
1002,206728,240.616438356167,238,0.050000000000000044,0.3424657534246575,límite de tiempo,2.6081837713718414,77.62359822591146
1003,206966,684.310344827574,238,0.050000000000000044,0.7862068965517242,límite de tiempo,2.806075296159518,77.53789946992518
1004,207204,571.6666666666532,238,0.050000000000000044,0.6738351254480287,límite de tiempo,2.68139564593633,78.29308598836263
1005,207442,470.83629893237617,238,0.050000000000000044,0.5729537366548043,límite de tiempo,2.731571092443951,77.72017566228317
1006,207680,785.308880308869,238,0.050000000000000044,0.888030888030888,límite de tiempo,2.5432906289895376,78.63740374247233
1007,207918,851.2365591397711,238,0.050000000000000044,0.953405017921147,límite de tiempo,2.887561521287692,79.60530310162044
1008,208156,662.3529411764566,238,0.050000000000000044,0.7647058823529411,límite de tiempo,2.9931810319423677,79.62542775472005
1009,208394,567.0689655172292,238,0.050000000000000044,0.6689655172413793,límite de tiempo,2.6936054169121437,78.15364307468221
1010,208632,502.2222222222141,238,0.050000000000000044,0.6041666666666666,límite de tiempo,2.6512582421302797,79.55810432434082
1011,208870,859.2253521126585,238,0.050000000000000044,0.9612676056338029,límite de tiempo,2.658656886068441,78.78149388200146
1012,209108,599.8640483383527,238,0.050000000000000044,0.7009063444108762,límite de tiempo,2.6734519521395366,79.55867919921874
1013,209325,209.01993569132185,217,0.050000000000000044,0.3022508038585209,sin progreso,2.7676046137456543,78.38459565904405
1014,209563,431.49006622515833,238,0.050000000000000044,0.5331125827814569,límite de tiempo,2.796849236649982,79.56804915605966
1015,209801,520.6351791530893,238,0.050000000000000044,0.6221498371335505,límite de tiempo,2.6842993259429933,79.9445088704427
1016,210039,454.4186046511569,238,0.050000000000000044,0.5552325581395349,límite de tiempo,2.7436875084699213,79.56461049742617
1017,210277,544.0728476821087,238,0.050000000000000044,0.6456953642384106,límite de tiempo,2.700861664613088,83.00135243733725
1018,210515,417.738853503171,238,0.050000000000000044,0.5191082802547771,límite de tiempo,2.7728739896063077,80.80346615031614
1019,210753,467.4999999999961,238,0.050000000000000044,0.5694444444444444,límite de tiempo,2.88980197707812,80.36822230021158
1020,210991,446.5162454873599,238,0.050000000000000044,0.5487364620938628,límite de tiempo,2.7364606816889876,80.86825018413997
1021,211229,442.6344086021462,238,0.050000000000000044,0.5448028673835126,límite de tiempo,2.7520910680294035,81.43354174296061
1022,211467,582.0833333333238,238,0.050000000000000044,0.6840277777777778,límite de tiempo,2.5382587384369413,81.40111541748047
1023,211705,614.2198581560177,238,0.050000000000000044,0.7163120567375887,límite de tiempo,2.7535513858000438,81.47791468302408
1024,211943,163.62068965517685,238,0.050000000000000044,0.2655172413793103,límite de tiempo,2.4719080379453757,81.10760782532773
1025,212181,516.111111111102,238,0.050000000000000044,0.6180555555555556,límite de tiempo,2.7541030645370483,81.3123737335205
1026,212419,638.5640138408248,238,0.050000000000000044,0.740484429065744,límite de tiempo,2.647418630325188,82.0580194764218
1027,212657,468.7583892617411,238,0.050000000000000044,0.5704697986577181,límite de tiempo,2.6643219073613484,81.74559059143067
1028,212895,285.39215686273775,238,0.050000000000000044,0.38823529411764707,límite de tiempo,2.608556480730994,82.09479729603913
1029,213133,390.2941176470537,238,0.050000000000000044,0.49264705882352944,límite de tiempo,2.6693047881126404,82.83309631347656
1030,213371,344.44636678200635,238,0.050000000000000044,0.4463667820069204,límite de tiempo,2.854867668475135,80.71863762807038
1031,213609,475.9219858155934,238,0.050000000000000044,0.5780141843971631,límite de tiempo,2.552364546060562,83.1071657816569
1032,213847,258.12500000000045,238,0.050000000000000044,0.359375,límite de tiempo,2.5930162870277793,82.30595010013904
1033,214057,104.67924528302245,210,0.050000000000000044,0.19622641509433963,sin progreso,2.814742128804045,81.96485828903486
1034,214208,67.50697674418852,151,0.050000000000000044,0.13565891472868216,sin progreso,2.6804154985829403,81.82844724153217
1035,214446,527.4899598393503,238,0.050000000000000044,0.6305220883534136,límite de tiempo,2.4440921302569114,81.59151135460804
1036,214684,533.9752650176566,238,0.050000000000000044,0.6360424028268551,límite de tiempo,2.597502197821935,81.6734514872233
1037,214922,474.3430656934229,238,0.050000000000000044,0.5766423357664233,límite de tiempo,2.88730231988228,81.8005174539857
1038,215160,861.3492063491943,238,0.050000000000000044,0.9642857142857143,límite de tiempo,2.7273248275121054,84.1911521911621
1039,215398,560.7377049180226,238,0.050000000000000044,0.6622950819672131,límite de tiempo,2.699459358797235,84.52818789724576
1040,215636,508.3898305084663,238,0.050000000000000044,0.6101694915254238,límite de tiempo,2.9955024838447573,84.87663497924805
1041,215874,635.8970099667677,238,0.050000000000000044,0.7375415282392026,límite de tiempo,2.6764529014037826,85.66137682381323
1042,216112,721.7330677290743,238,0.050000000000000044,0.8247011952191236,límite de tiempo,2.572121465206146,85.44315770467122
1043,216350,365.67415730336324,238,0.050000000000000044,0.4681647940074906,límite de tiempo,2.832618143598912,85.07499035334183
1044,216588,341.7088607594893,238,0.050000000000000044,0.4430379746835443,límite de tiempo,2.846130456527074,84.96956265767416
1045,216826,384.9999999999958,238,0.050000000000000044,0.48615384615384616,límite de tiempo,2.8575055296138183,84.81366419388075
1046,217064,379.9163879598581,238,0.050000000000000044,0.4816053511705686,límite de tiempo,2.657756056388219,86.61758295694987
1047,217302,746.3284132841238,238,0.050000000000000044,0.8487084870848709,límite de tiempo,2.5670129040540277,86.55749084989904
1048,217540,615.7692307692221,238,0.050000000000000044,0.7169230769230769,límite de tiempo,2.488794195652008,86.03562494913737
1049,217778,439.8837209302278,238,0.050000000000000044,0.5415282392026578,límite de tiempo,2.7534631611937184,87.85731933076502
1050,218016,361.3106796116415,238,0.050000000000000044,0.4627831715210356,límite de tiempo,3.096082059542338,89.48556938171387
1051,218254,286.2316715542543,238,0.050000000000000044,0.3870967741935484,límite de tiempo,2.7407560409125633,88.76572573387017
1052,218492,466.728395061723,238,0.050000000000000044,0.5679012345679012,límite de tiempo,2.544092979033788,90.36637585957845
1053,218730,491.08058608057615,238,0.050000000000000044,0.5934065934065934,límite de tiempo,2.5831125287686363,88.27216028763075
1054,218968,435.76923076922316,238,0.050000000000000044,0.5384615384615384,límite de tiempo,2.6902328968048095,88.41968371073405
1055,219206,432.9503105589989,238,0.050000000000000044,0.5341614906832298,límite de tiempo,2.624424004958848,89.46221833309885
1056,219444,670.8227848101174,238,0.050000000000000044,0.7721518987341772,límite de tiempo,2.8055439472198485,88.28971099853516
1057,219653,322.30405904058057,209,0.050000000000000044,0.4132841328413284,sin progreso,2.9325734560306254,89.31729272695688
1058,219891,682.0270270270169,238,0.050000000000000044,0.7837837837837838,límite de tiempo,2.515338734044867,88.7747555748891
1059,220129,546.7910447761069,238,0.050000000000000044,0.6492537313432836,límite de tiempo,2.9425389587879183,90.37807680765788
1060,220367,607.702702702692,238,0.050000000000000044,0.7094594594594594,límite de tiempo,2.7640302787392828,90.83916499251026
1061,220605,431.31578947367916,238,0.050000000000000044,0.5321637426900585,límite de tiempo,2.93350980480512,90.92062695821126
1062,220843,248.37349397590737,238,0.050000000000000044,0.3493975903614458,límite de tiempo,3.0772211713305975,91.60469637078754
1063,221081,472.5675675675552,238,0.050000000000000044,0.5743243243243243,límite de tiempo,2.9714746713638305,90.70541089375814
1064,221319,435.7692307692229,238,0.050000000000000044,0.5384615384615384,límite de tiempo,2.9798269170825766,90.03926888158766
1065,221557,640.0157728706511,238,0.050000000000000044,0.7413249211356467,límite de tiempo,2.7538023511568706,91.07989044189453
1066,221795,429.42996742670493,238,0.050000000000000044,0.5309446254071661,límite de tiempo,2.7185368457082975,91.35971276234773
1067,222033,626.1895910780602,238,0.050000000000000044,0.7286245353159851,límite de tiempo,2.7730162382125854,90.6672819773356
1068,222271,807.6217228464326,238,0.050000000000000044,0.9101123595505618,límite de tiempo,2.716400108094943,91.01159292964611
1069,222509,848.1438127090142,238,0.050000000000000044,0.9498327759197325,límite de tiempo,2.8280246396859487,90.95012842814127
1070,222747,631.3157894736709,238,0.050000000000000044,0.7333333333333333,límite de tiempo,2.933409745410337,91.53125840526516
1071,222985,615.1449275362257,238,0.050000000000000044,0.717391304347826,límite de tiempo,2.7510311285654705,91.08050498962402
1072,223223,428.17880794701637,238,0.050000000000000044,0.5298013245033113,límite de tiempo,2.870343608371282,91.02789668713586
1073,223411,78.11010452961948,188,0.050000000000000044,0.1602787456445993,sin progreso,2.8278300939722265,90.8667243795192
1074,223649,378.6842105263107,238,0.050000000000000044,0.4807017543859649,límite de tiempo,2.7302760044733683,91.81869862874349
1075,223887,477.3076923076852,238,0.050000000000000044,0.5784615384615385,límite de tiempo,2.831395975613998,91.37200837216135
1076,224125,311.34920634920564,238,0.050000000000000044,0.4126984126984127,límite de tiempo,3.096774031718572,91.04821395874023
1077,224363,654.1408934707789,238,0.050000000000000044,0.7560137457044673,límite de tiempo,2.744900517544504,92.28373873435845
1078,224601,408.2894736841979,238,0.050000000000000044,0.5098684210526315,límite de tiempo,2.8275015195210775,90.90404408772787
1079,224839,545.5228758169824,238,0.050000000000000044,0.6470588235294118,límite de tiempo,2.949104555582596,91.99608237056408
1080,225077,436.69014084506756,238,0.050000000000000044,0.5387323943661971,límite de tiempo,3.034110951423645,92.15210202534993
1081,225315,372.3202614379086,238,0.050000000000000044,0.4738562091503268,límite de tiempo,2.6633043491234214,91.92679130424888
1082,225553,617.1771217712115,238,0.050000000000000044,0.7195571955719557,límite de tiempo,2.651887611548106,91.57302373250326
1083,225791,554.4464944649376,238,0.050000000000000044,0.6568265682656826,límite de tiempo,2.687754748231274,91.75742585780257
1084,226029,399.6996466431036,238,0.050000000000000044,0.5017667844522968,límite de tiempo,2.6117043614387514,91.55662002563477
1085,226267,690.7142857142728,238,0.050000000000000044,0.793233082706767,límite de tiempo,2.740583930985402,92.19940198478052
1086,226505,491.08058608057695,238,0.050000000000000044,0.5934065934065934,límite de tiempo,2.527420514822006,90.21180521647135
1087,226743,417.19512195121234,238,0.050000000000000044,0.5182926829268293,límite de tiempo,2.540974806931059,90.42288970947266
1088,226981,452.4452554744498,238,0.050000000000000044,0.5547445255474452,límite de tiempo,2.569179093837738,92.32538464864095
1089,227219,571.6666666666586,238,0.050000000000000044,0.6737588652482269,límite de tiempo,2.4745892872244624,91.98917893231925
1090,227457,128.8267148014483,238,0.050000000000000044,0.23104693140794225,límite de tiempo,2.868580776453018,91.92903378804525
1091,227695,475.37037037036384,238,0.050000000000000044,0.5777777777777777,límite de tiempo,2.797677234067755,93.78564039327331
1092,227933,386.1320754716919,238,0.050000000000000044,0.48742138364779874,límite de tiempo,2.5597089250882465,93.21343536376953
1093,228171,294.83050847457633,238,0.050000000000000044,0.39661016949152544,límite de tiempo,2.792488605289136,94.43680417335639
1094,228409,425.83333333332547,238,0.050000000000000044,0.5291666666666667,límite de tiempo,2.877340586980184,93.22519060770671
1095,228647,295.7284768211831,238,0.050000000000000044,0.3973509933774834,límite de tiempo,2.9102766412799643,93.67037317308329
1096,228885,305.65146579804133,238,0.050000000000000044,0.40716612377850164,límite de tiempo,2.60160294175148,93.72187042236328
1097,229123,196.79331306991082,238,0.050000000000000044,0.2978723404255319,límite de tiempo,2.6522846363358576,94.45457846431408
1098,229361,546.5770609318928,238,0.050000000000000044,0.6487455197132617,límite de tiempo,2.4348313947518667,94.37889149983724
1099,229599,209.1958041958086,238,0.050000000000000044,0.3111888111888112,límite de tiempo,2.702511872275401,94.13705832271252
1100,229837,443.4615384615309,238,0.050000000000000044,0.5457875457875457,límite de tiempo,2.418417207400004,95.16147003173828
1101,230075,526.0526315789361,238,0.050000000000000044,0.6280701754385964,límite de tiempo,2.664734240305626,94.04053717144465
1102,230313,694.6551724137838,238,0.050000000000000044,0.7965517241379311,límite de tiempo,2.5025729378064474,95.96995633443197
1103,230551,537.6530612244837,238,0.050000000000000044,0.6394557823129252,límite de tiempo,2.4096672716787304,96.81120545985335
1104,230789,461.7010309278319,238,0.050000000000000044,0.563573883161512,límite de tiempo,2.832762924830119,96.16543642679851
1105,231027,592.4999999999903,238,0.050000000000000044,0.6958333333333333,límite de tiempo,2.6239524574603066,96.2072575456005
1106,231253,338.65405405404243,226,0.050000000000000044,0.4358108108108108,sin progreso,2.7373566209224234,95.33756015175267
1107,231491,275.2531645569657,238,0.050000000000000044,0.37658227848101267,límite de tiempo,2.7212218995821678,95.3789634058031
1108,231729,740.2059925093548,238,0.050000000000000044,0.8426966292134831,límite de tiempo,2.5169942220052084,95.51461410522461
1109,231967,543.4364820846832,238,0.050000000000000044,0.6449511400651465,límite de tiempo,2.516174172951003,95.27171403270657
1110,232205,443.4615384615321,238,0.050000000000000044,0.5461538461538461,límite de tiempo,2.6713613907496137,96.03503189086913
1111,232443,436.91489361701974,238,0.050000000000000044,0.5379939209726444,límite de tiempo,2.6769321954856484,96.07163678185414
1112,232681,462.04697986576224,238,0.050000000000000044,0.5637583892617449,límite de tiempo,2.5488645255565645,97.32864888509114
1113,232919,432.5590551181041,238,0.050000000000000044,0.5354330708661418,límite de tiempo,2.5785704406641297,97.92727221472789
1114,233157,201.42857142857466,238,0.050000000000000044,0.30357142857142855,límite de tiempo,2.568369181950887,98.59165433247884
1115,233395,537.1839080459672,238,0.050000000000000044,0.6398467432950191,límite de tiempo,2.5000520237421586,98.9383238452976
1116,233633,320.01976284584464,238,0.050000000000000044,0.42292490118577075,límite de tiempo,2.68566814661026,97.51144994099936
1117,233871,343.2470119521869,238,0.050000000000000044,0.44621513944223107,límite de tiempo,2.536968225139683,98.13875140173961
1118,234109,307.9850746268636,238,0.050000000000000044,0.41044776119402987,límite de tiempo,2.5199297149976094,98.15220158894857
1119,234347,593.3116883116787,238,0.050000000000000044,0.6948051948051948,límite de tiempo,2.42079660650027,97.92359911385229
1120,234585,427.6480836236866,238,0.050000000000000044,0.5296167247386759,límite de tiempo,2.45397173166275,97.96861521402995
1121,234823,551.464646464637,238,0.050000000000000044,0.6531986531986532,límite de tiempo,2.433978703062413,98.26028106172205
1122,235061,384.7297297297249,238,0.050000000000000044,0.4864864864864865,límite de tiempo,2.3915977497895557,98.83852793375651
1123,235299,408.8461538461518,238,0.050000000000000044,0.5115384615384615,límite de tiempo,2.3631983874207836,99.6090001251738
1124,235537,276.62162162162315,238,0.050000000000000044,0.3783783783783784,límite de tiempo,2.7335927466551464,99.60550066630046
1125,235775,562.7181208053587,238,0.050000000000000044,0.6644295302013423,límite de tiempo,2.3884038682711326,99.97272763009799
1126,236013,369.1638225255917,238,0.050000000000000044,0.4709897610921502,límite de tiempo,2.449292371670405,100.05824394226075
1127,236251,445.22988505745843,238,0.050000000000000044,0.5478927203065134,límite de tiempo,2.4859252218472756,98.8393340029959
1128,236489,479.99999999999295,238,0.050000000000000044,0.58125,límite de tiempo,2.4673061033089954,99.4342611948649
1129,236727,349.06779661016253,238,0.050000000000000044,0.45084745762711864,límite de tiempo,2.6034608028702815,100.13542291673564
1130,236965,504.99999999999346,238,0.050000000000000044,0.6065573770491803,límite de tiempo,2.592490623394648,99.23558756510417
1131,237203,450.4545454545417,238,0.050000000000000044,0.553030303030303,límite de tiempo,2.5284789275314847,99.11152739444022
1132,237441,808.4749034748904,238,0.050000000000000044,0.9111969111969112,límite de tiempo,2.8147392749786375,99.85957374572754
1133,237679,889.063745019911,238,0.050000000000000044,0.9920318725099602,límite de tiempo,2.5105418532581654,100.69297221555549
1134,237917,716.8466898954578,238,0.050000000000000044,0.818815331010453,límite de tiempo,2.5094787259896596,101.6726458231608
1135,238155,611.2937062936958,238,0.050000000000000044,0.7132867132867133,límite de tiempo,2.2857639244047263,102.9751575276003
1136,238393,679.4107744107608,238,0.050000000000000044,0.7811447811447811,límite de tiempo,2.5673205256462097,102.29151293436686
1137,238631,481.57657657657,238,0.050000000000000044,0.5825825825825826,límite de tiempo,2.5261660006086704,102.30716188075179
1138,238869,663.957654723114,238,0.050000000000000044,0.7654723127035831,límite de tiempo,2.5491015374660493,101.21014544169108
1139,239107,547.6229508196631,238,0.050000000000000044,0.6491803278688525,límite de tiempo,2.4616731284028393,102.37755222643835
1140,239255,46.43380281690287,148,0.050000000000000044,0.11267605633802817,sin progreso,2.428265887337762,101.79937867860536
1141,239493,324.6721311475396,238,0.050000000000000044,0.4262295081967213,límite de tiempo,2.63011292219162,102.37516682942709
1142,239731,309.3321299638955,238,0.050000000000000044,0.41155234657039713,límite de tiempo,2.6356117119223383,101.1869962013374
1143,239969,511.1643835616342,238,0.050000000000000044,0.613013698630137,límite de tiempo,2.6262815992037454,102.0836243947347
1144,240207,436.84713375795485,238,0.050000000000000044,0.5382165605095541,límite de tiempo,2.3830092923115878,103.74714220984508
1145,240445,523.0555555555467,238,0.050000000000000044,0.625,límite de tiempo,2.874406443039576,103.20573692321777
1146,240683,518.475177304957,238,0.050000000000000044,0.6205673758865248,límite de tiempo,2.4753157506554815,103.66197398557502
1147,240921,495.6249999999924,238,0.050000000000000044,0.596875,límite de tiempo,2.6457299252351123,102.86307678222656
1148,241159,784.699248120286,238,0.050000000000000044,0.8872180451127819,límite de tiempo,2.6053266484858626,103.35114404710673
1149,241397,401.75324675324435,238,0.050000000000000044,0.5032467532467533,límite de tiempo,2.639216204484304,102.30064023335775
1150,241635,654.9999999999889,238,0.050000000000000044,0.7564102564102564,límite de tiempo,2.6560885784989696,102.81340608758441
1151,241873,371.89895470382106,238,0.050000000000000044,0.4738675958188153,límite de tiempo,2.57054939866066,103.73647015889486
1152,242111,603.3050847457519,238,0.050000000000000044,0.7050847457627119,límite de tiempo,2.667231414277675,102.61448449603581
1153,242349,561.151419558347,238,0.050000000000000044,0.6624605678233438,límite de tiempo,2.4362122118473053,103.5532107035319
1154,242587,346.44144144144104,238,0.050000000000000044,0.44744744744744747,límite de tiempo,2.3805348549859,103.01253535383839
1155,242825,178.40823970037852,238,0.050000000000000044,0.2808988764044944,límite de tiempo,2.45516384045283,104.88804244995117
1156,243063,748.6363636363498,238,0.050000000000000044,0.850909090909091,límite de tiempo,2.5430650185730497,104.49237875211037
1157,243301,503.6622073578483,238,0.050000000000000044,0.6053511705685619,límite de tiempo,2.5016307453314464,104.45463574727377
1158,243539,649.0273037542515,238,0.050000000000000044,0.7508532423208191,límite de tiempo,2.433393199565047,103.97998589984441
1159,243777,531.7123287671157,238,0.050000000000000044,0.6335616438356164,límite de tiempo,2.220501651366552,104.57516047159831
1160,244015,599.3396226414998,238,0.050000000000000044,0.7018867924528301,límite de tiempo,2.604183655674175,104.24597012794624
1161,244199,21.457034220531725,184,0.050000000000000044,0.10266159695817491,sin progreso,2.40261071142943,104.66385567706564
1162,244437,558.6964980544633,238,0.050000000000000044,0.6614785992217899,límite de tiempo,2.392149049043655,103.87520510355631
1163,244675,264.32203389830715,238,0.050000000000000044,0.36610169491525424,límite de tiempo,2.309407189740973,105.02295542571504
1164,244913,452.61904761904515,238,0.050000000000000044,0.5544217687074829,límite de tiempo,2.3618599851926168,104.47899653116862
1165,245151,545.8668730650071,238,0.050000000000000044,0.6470588235294118,límite de tiempo,2.604602474277302,104.564144975048
1166,245389,314.9999999999939,238,0.050000000000000044,0.4166666666666667,límite de tiempo,2.3126822849114737,104.16237843831381
1167,245579,36.9568106312298,190,0.050000000000000044,0.11960132890365449,sin progreso,2.4348511518316065,103.95080533940741
1168,245817,136.83391003460454,238,0.050000000000000044,0.23875432525951557,límite de tiempo,2.276659737030665,104.20904528299967
1169,246055,270.3846153846114,238,0.050000000000000044,0.3730769230769231,límite de tiempo,2.3945890826694036,103.94387442378674
1170,246293,436.6901408450656,238,0.050000000000000044,0.5387323943661971,límite de tiempo,2.451308214664459,103.6007807413737
1171,246531,565.9442060085769,238,0.050000000000000044,0.6695278969957081,límite de tiempo,2.4557457919848167,103.91367417674954
1172,246769,438.3333333333238,238,0.050000000000000044,0.5393939393939394,límite de tiempo,2.389441728591919,104.0176954905192
1173,247007,350.57823129251267,238,0.050000000000000044,0.4523809523809524,límite de tiempo,2.813394514180846,104.28644419524629
1174,247245,321.66666666666595,238,0.050000000000000044,0.42333333333333334,límite de tiempo,2.3024660607179004,103.77027893066406
1175,247483,276.33550488599485,238,0.050000000000000044,0.3778501628664495,límite de tiempo,2.331691133773933,103.9142220707263
1176,247721,377.22222222222075,238,0.050000000000000044,0.4791666666666667,límite de tiempo,2.4505168914794924,104.72407035827636
1177,247959,457.23880597014147,238,0.050000000000000044,0.5597014925373134,límite de tiempo,2.5352868063975187,104.97294177039196
1178,248197,417.9870129870086,238,0.050000000000000044,0.5194805194805194,límite de tiempo,2.466429555416107,104.4978853861491
1179,248435,396.03942652328726,238,0.050000000000000044,0.4982078853046595,límite de tiempo,2.9615979538125505,104.41582721774861
1180,248673,287.75862068965216,238,0.050000000000000044,0.3896551724137931,límite de tiempo,2.75802459915479,104.25427805582682
1181,248882,224.0923076923075,209,0.050000000000000044,0.315018315018315,sin progreso,2.422674752198733,104.89730541522687
1182,249120,563.0882352941102,238,0.050000000000000044,0.6654411764705882,límite de tiempo,2.4085483253002167,104.91815923055013
1183,249358,399.5054945054908,238,0.050000000000000044,0.5018315018315018,límite de tiempo,2.4792946455842357,104.79615693173166
1184,249596,271.7820069204122,238,0.050000000000000044,0.3737024221453287,límite de tiempo,2.521719048420588,104.4949328104655
1185,249834,483.4615384615306,238,0.050000000000000044,0.5846153846153846,límite de tiempo,2.330072940406153,103.90951990677138
